--- When using SR data, please cite us and provide a link and/or a mention.


 
,,,,,,Scoring,,,Scoring,,Goals,,,,Assists,,,,,Ice Time,,-additional
Rk,Player,From,To,Yrs,GP▼,G,A,PTS,+/-,PIM,EV,PP,SH,GW,EV,PP,SH,S,S%,TOI,ATOI,-9999
1,Sidney Crosby,2006,2023,18,1190,550,952,1502,210,783,384,162,4,87,570,375,7,3794,14.5,24669,20:44,crosbsi01
2,Evgeni Malkin,2007,2023,17,1063,471,758,1229,47,1090,294,173,4,81,456,301,1,3486,13.5,20991,19:45,malkiev01
3,Kris Letang,2007,2023,17,1005,156,535,691,87,691,99,52,5,32,310,216,9,2618,6.0,24328,24:12,letankr01
4,Mario Lemieux*,1985,2006,17,915,690,1033,1723,114,834,405,236,49,74,546,465,22,3633,19.0,3855,22:40,lemiema01
5,Jaromír Jágr,1991,2001,11,806,439,640,1079,207,593,320,110,9,78,423,213,4,2911,15.1,5444,24:12,jagrja01
6,Jean Pronovost,1969,1978,10,753,316,287,603,33,306,233,69,14,42,195,85,7,2311,13.7,,,pronoje01
7,Rick Kehoe,1975,1985,11,722,312,324,636,-82,88,216,95,1,26,203,120,1,2160,14.4,,,kehoeri01
8,Brooks Orpik,2003,2014,11,703,13,119,132,32,734,12,1,0,0,104,6,9,481,2.7,13844,19:42,orpikbr01
9,Ron Stackhouse,1974,1982,9,621,66,277,343,53,547,43,20,3,7,183,90,4,1341,4.9,,,stackro01
10,Ron Schock,1970,1977,8,619,124,280,404,-31,201,91,19,14,17,225,43,12,1226,10.1,,,schocro01
11,Dave Burrows,1972,1981,8,573,24,108,132,-55,301,19,4,1,5,91,13,4,823,2.9,,,burroda01
12,Bob Errey,1984,1993,10,572,132,140,272,26,651,119,4,9,14,126,5,9,898,14.7,,,erreybo01
13,Chris Kunitz,2009,2017,9,569,169,219,388,126,389,115,51,3,28,162,56,1,1318,12.8,9986,17:33,kunitch01
14,Martin Straka,1993,2004,10,560,165,277,442,49,215,126,30,9,26,185,86,6,1022,16.1,7420,22:37,strakma01
15,Brian Dumoulin,2014,2023,10,546,19,120,139,93,146,18,0,1,1,108,5,7,645,2.9,11275,20:39,dumoubr01
16,Ron Francis*,1991,1998,8,533,164,449,613,70,295,105,54,5,21,240,193,16,1201,13.7,,,francro01
17,Troy Loney,1984,1993,10,532,69,100,169,-37,982,66,3,0,9,96,4,0,665,10.4,,,loneytr01
18,Kevin Stevens,1988,2002,10,522,260,295,555,-40,1048,150,110,0,27,194,101,0,1631,15.9,931,14:33,steveke01
19,Bryan Rust,2015,2023,9,505,144,172,316,49,167,112,27,5,22,128,38,6,1172,12.3,8478,16:47,rustbr01
20,Syl Apps,1971,1978,8,495,151,349,500,90,241,106,34,11,20,251,89,9,1167,12.9,,,appssy02
21,Greg Malone,1977,1983,7,495,143,221,364,-72,496,113,30,0,13,182,36,3,1023,14.0,,,malongr01
22,Rob Scuderi,2004,2016,8,460,4,53,57,18,139,4,0,0,0,50,0,3,231,1.7,8766,19:03,scudero01
23,Craig Adams,2009,2015,7,453,18,53,71,-34,300,15,0,3,2,47,0,6,429,4.2,5127,11:19,adamscr01
24,Jake Guentzel,2017,2023,7,453,197,217,414,44,210,152,44,1,29,161,55,1,1255,15.7,8610,19:00,guentja01
25,Pascal Dupuis,2008,2016,9,452,109,138,247,82,197,97,4,8,21,131,3,4,1028,10.6,7250,16:02,dupuipa01
26,Aleksey Morozov,1998,2004,7,451,84,135,219,-29,98,60,23,1,14,93,41,1,668,12.6,5391,14:22,morozal01
27,Ian Moran,1996,2003,8,433,19,44,63,-44,281,18,0,1,3,41,2,1,502,3.8,5147,16:39,morania01
28,Rod Buskas,1983,1990,8,431,16,48,64,-56,959,12,4,0,1,42,6,0,328,4.9,,,buskaro01
29,Peter Lee,1978,1983,6,431,114,131,245,-55,257,91,22,1,18,100,31,0,961,11.9,,,leepe01
30,Jordan Staal,2007,2012,6,431,120,128,248,53,231,89,18,13,16,97,20,11,915,13.1,8066,18:43,staaljo01
31,Rob Brown,1988,2000,7,414,150,192,342,-4,392,82,68,0,18,125,67,0,761,19.7,1261,11:40,brownro01
32,Patric Hörnqvist,2015,2020,6,407,132,132,264,51,222,83,49,0,18,93,39,0,1312,10.1,6737,16:33,hornqpa01
33,Darius Kasparaitis,1997,2002,6,405,15,68,83,37,661,11,2,2,1,60,4,4,381,3.9,4989,18:41,kaspada01
34,Randy Carlyle,1979,1984,6,397,66,257,323,-100,582,34,28,4,6,116,137,4,1049,6.3,,,carlyra01
35,Jim Johnson,1986,1991,6,390,14,95,109,-16,658,12,2,0,1,74,19,2,414,3.4,,,johnsji02
36,Mark Recchi*,1989,2008,7,389,154,231,385,-41,300,90,61,3,22,143,84,4,884,17.4,3269,19:56,recchma01
37,Maxime Talbot,2006,2011,6,388,52,56,108,-27,324,40,0,12,9,52,3,1,481,10.8,5388,13:53,talboma01
38,Mike Bullard,1981,1987,7,382,185,175,360,-114,390,124,59,2,14,112,61,2,969,19.1,,,bullami01
39,Joe Mullen*,1991,1997,6,379,153,172,325,64,101,103,43,7,22,126,43,3,858,17.8,,,mullejo01
40,Tyler Kennedy,2008,2013,6,372,76,92,168,32,181,66,10,0,15,75,17,0,979,7.8,4998,13:26,kennety01
41,Ken Schinkel,1968,1973,6,371,93,143,236,-114,86,73,19,1,14,96,46,1,989,9.4,,,schinke01
42,Jan Hrdina,1999,2003,5,366,79,148,227,24,215,53,26,0,14,108,36,4,466,17.0,6598,18:02,hrdinja01
43,Alex Kovalev,1999,2011,6,365,151,203,354,11,373,103,42,6,21,114,85,4,1223,12.3,8284,22:42,kovalal01
44,Olli Määttä,2014,2019,6,362,25,82,107,61,98,20,4,1,7,64,17,1,545,4.6,6841,18:54,maattol01
45,Dave Hannan,1982,1989,8,355,60,88,148,-63,530,48,5,7,12,81,5,2,444,13.5,,,hannada01
46,Russ Anderson,1977,1982,6,353,15,77,92,18,684,14,1,0,3,74,3,0,268,5.6,,,anderru01
47,Matt Cooke,2009,2013,5,352,67,83,150,34,416,59,3,5,9,70,7,6,494,13.6,5288,15:01,cookema01
48,Val Fonteyne,1968,1972,5,349,39,82,121,-51,4,31,5,3,5,64,13,5,391,10.0,,,fonteva01
49,Robert Lang,1998,2002,5,345,103,158,261,16,96,65,36,2,15,111,47,0,695,14.8,5786,19:41,langro01
50,Phil Bourque,1984,1992,8,344,75,89,164,-31,435,57,10,8,11,58,28,3,521,14.4,,,bourqph01
51,Randy Hillier,1985,1991,7,343,13,79,92,-7,594,11,1,1,2,69,4,6,271,4.8,,,hillira01
52,Larry Murphy*,1991,1995,5,336,78,223,301,102,213,48,26,4,12,115,104,4,881,8.9,,,murphla01
53,Bryan Hextall,1970,1974,5,335,71,115,186,-113,498,50,21,0,13,84,31,0,677,10.5,,,hextabr02
54,Doug Shedden,1982,1986,5,332,123,159,282,-121,148,76,45,2,13,99,60,0,791,15.5,,,shedddo01
55,Paul Coffey*,1988,1992,5,331,108,332,440,-50,573,66,40,2,11,142,185,5,1306,8.3,,,coffepa01
56,Phil Kessel,2016,2019,4,328,110,193,303,-11,102,74,36,0,25,104,89,0,979,11.2,5985,18:15,kesseph01
57,Lowell MacDonald,1971,1978,7,328,140,166,306,77,60,104,36,0,13,116,49,1,956,14.6,,,macdolo01
58,Sergei Gonchar,2006,2010,5,322,54,205,259,-3,313,16,37,1,11,62,138,5,765,7.1,8192,25:26,gonchse01
59,Marcus Pettersson,2019,2023,5,313,9,84,93,42,202,8,1,0,0,77,6,1,376,2.4,5663,18:06,pettema01
60,George Ferguson,1979,1983,5,310,89,106,195,-33,162,65,12,12,6,87,15,4,736,12.1,,,ferguge01
61,Josef Melichar,2001,2007,6,310,7,33,40,-26,263,6,0,1,0,27,3,3,249,2.8,5529,17:50,melicjo01
62,Nick Harbaruk,1970,1973,4,308,40,61,101,-42,257,30,7,3,4,52,6,3,503,8.0,,,harbani01
63,Bryan Watson,1969,1974,6,303,8,57,65,-5,871,7,1,0,1,54,2,1,323,2.5,,,watsobr01
64,Doug Bodger,1985,1989,5,299,35,132,167,-12,292,13,22,0,4,65,64,3,641,5.5,,,bodgedo01
65,Ryan Malone,2004,2008,4,299,87,82,169,-27,301,49,27,11,11,53,24,5,576,15.1,5433,18:10,malonry01
66,Paul Martin,2011,2015,5,297,17,92,109,45,80,12,5,0,4,62,28,2,350,4.9,6984,23:31,martipa01
67,Randy Cunneyworth,1986,1989,4,295,101,115,216,19,515,68,29,4,14,83,28,4,697,14.5,,,cunnera01
68,Keith McCreary,1968,1972,5,292,82,59,141,-34,199,67,15,0,10,47,12,0,660,12.4,,,mccreke01
69,Chad Ruhwedel,2017,2023,7,279,12,31,43,-3,86,12,0,0,1,28,3,0,312,3.8,4310,15:27,ruhwech01
70,Rod Schutt,1979,1984,6,278,77,92,169,-29,177,60,17,0,12,75,17,0,649,11.9,,,schutro01
71,Ulf Samuelsson,1991,1995,5,277,11,83,94,76,804,9,2,0,2,58,19,6,339,3.2,,,samueul01
72,Dan Quinn,1987,1997,5,270,111,165,276,-53,224,55,52,4,14,95,67,3,694,16.0,,,quinnda01
73,Wayne Bianchin,1974,1979,6,265,68,41,109,-38,130,58,9,1,10,37,4,0,426,16.0,,,biancwa01
74,Duane Rupp,1969,1973,5,265,21,83,104,-35,170,16,4,1,3,48,34,1,549,3.8,,,ruppdu01
75,John Cullen,1989,1995,4,262,88,184,272,-42,399,59,29,0,7,114,69,1,577,15.3,,,cullejo01
76,Greg Polis,1971,1974,4,256,88,70,158,-64,146,62,26,0,5,50,20,0,749,11.7,,,polisgr01
77,Chris Tamer,1994,1999,6,253,8,21,29,0,588,7,0,1,1,18,2,1,224,3.6,66,5:59,tamerch01
78,Ryan Whitney,2006,2009,4,253,34,116,150,-15,223,14,19,1,4,56,58,2,403,8.4,5953,23:32,whitnry01
79,Jiří Šlégr,1998,2001,4,252,24,62,86,34,337,20,2,2,3,49,10,3,433,5.5,3499,19:33,slegrji01
80,Teddy Blueger,2019,2023,5,250,33,59,92,24,82,28,0,5,5,53,0,6,339,9.7,3590,14:22,bluegte01
81,Bob Kelly,1974,1977,4,250,69,85,154,16,462,57,12,0,8,79,6,0,654,10.6,,,kellybo01
82,Bob Woytowich,1969,1972,4,248,22,71,93,-55,151,11,9,2,0,34,37,0,467,4.7,,,woytobo01
83,Pat Boutette,1982,1985,4,247,65,109,174,-118,548,25,37,3,7,53,52,4,402,16.2,,,boutepa01
84,Colin Campbell,1975,1979,4,243,14,52,66,19,517,11,2,1,3,46,5,1,254,5.5,,,campbco01
85,Deryk Engelland,2010,2014,5,243,13,34,47,2,308,13,0,0,2,32,1,1,229,5.7,3480,14:19,engelde01
86,Hans Jonsson,2000,2003,4,242,10,38,48,-29,92,5,4,1,1,31,5,2,170,5.9,4373,18:04,jonssha01
87,Mark Eaton,2007,2013,5,241,7,24,31,17,86,6,1,0,1,22,1,1,157,4.5,4563,18:56,eatonma01
88,Gregg Sheppard,1979,1982,4,241,50,73,123,-19,113,40,9,1,6,54,14,5,436,11.5,,,sheppgr01
89,Dan Frawley,1986,1989,4,240,33,37,70,-28,610,26,5,2,4,32,5,0,291,11.3,,,frawlda01
90,Pierre Larouche,1975,1978,4,240,119,134,253,-18,99,88,31,0,13,103,31,0,774,15.4,,,laroupi01
91,Tyler Wright,1997,2000,4,238,17,16,33,-8,317,16,1,0,3,16,0,0,160,10.6,900,8:06,wrighty01
92,Michal Rozsíval,2000,2003,4,237,18,47,65,3,161,12,6,0,5,36,11,0,240,7.5,4603,19:25,rozsimi01
93,Ross Lonsberry,1979,1981,3,236,56,73,129,0,150,42,13,1,3,54,17,2,475,11.8,,,lonsbro01
94,Justin Schultz,2016,2020,5,234,22,91,113,43,60,17,5,0,2,52,39,0,419,5.3,4589,19:37,schulju01
95,Moe Mantha,1985,1988,4,232,37,131,168,-41,223,12,23,2,2,62,69,0,662,5.6,,,manthmo01
96,Mario Faubert,1975,1982,7,231,21,90,111,-37,222,8,13,0,3,38,48,4,397,5.3,,,faubema01
97,Dominik Simon,2016,2022,6,228,22,51,73,0,74,21,1,0,1,47,4,0,330,6.7,2820,12:22,simondo01
98,Blair Chapman,1977,1980,4,227,48,51,99,-35,71,42,6,0,5,44,7,0,436,11.0,,,chapmbl01
99,Matt Cullen,2016,2019,3,225,36,47,83,15,64,27,2,7,8,40,2,5,298,12.1,2958,13:09,cullema01
100,Kevin Hatcher,1997,1999,3,220,45,95,140,19,193,16,26,3,7,53,39,3,499,9.0,1626,24:38,hatchke01
101,Ian Cole,2015,2018,4,218,9,50,59,24,190,9,0,0,1,46,4,0,255,3.5,4010,18:24,coleia01
102,John Chabot,1985,1987,3,216,36,98,134,-45,26,30,3,3,6,78,15,5,283,12.7,,,chabojo01
103,Lew Morrison,1975,1978,4,214,13,13,26,-1,12,9,1,3,1,10,1,2,93,14.0,,,morrile01
104,Matt Niskanen,2011,2014,4,214,19,66,85,44,130,13,6,0,8,46,20,0,373,5.1,4218,19:43,niskama01
105,Zach Aston-Reese,2018,2022,5,213,29,33,62,38,93,26,0,3,2,33,0,0,325,8.9,2921,13:43,astonza01
106,Brad Werenka,1998,2000,3,213,12,41,53,47,208,9,3,0,5,32,5,4,169,7.1,2817,19:50,werenbr01
107,Grant Jennings,1991,1995,5,210,7,21,28,-1,357,4,0,3,3,21,0,0,140,5.0,,,jennigr01
108,Brandon Sutter,2013,2015,3,209,45,33,78,0,30,30,8,7,10,27,6,0,406,11.1,3451,16:31,suttebr03
109,Paul Gardner,1981,1984,4,207,98,105,203,-36,105,39,59,0,4,49,56,0,516,19.0,,,gardnpa01
110,Milan Kraft,2001,2004,4,207,41,41,82,-45,52,32,8,1,5,25,16,0,350,11.7,2779,13:26,kraftmi01
111,Paul Stanton,1991,1993,3,206,11,38,49,10,199,8,3,0,2,29,8,1,248,4.4,,,stantpa01
112,Stu Barnes,1997,1999,3,204,67,69,136,-17,66,34,32,1,11,49,18,2,483,13.9,1143,17:52,barnest01
113,Wally Boyer,1969,1972,4,203,32,62,94,-15,81,25,7,0,1,41,20,1,350,9.1,,,boyerwa01
114,Bob Paradise,1974,1979,5,203,7,33,40,-45,209,6,1,0,0,32,1,0,133,5.3,,,paradbo01
115,Paul Baxter,1981,1983,3,202,25,69,94,-71,851,15,10,0,2,47,22,0,396,6.3,,,baxtepa01
116,James Neal,2011,2014,4,199,89,95,184,25,174,51,38,0,14,59,36,0,755,11.8,3656,18:22,nealja01
117,Ville Sirén,1986,1989,4,199,11,45,56,14,158,9,2,0,0,27,17,1,206,5.3,,,sirenvi01
118,Chris Dahlquist,1986,1991,6,195,10,26,36,-8,219,10,0,0,0,24,2,0,154,6.5,,,dahlqch01
119,Carl Hagelin,2016,2019,4,195,27,56,83,38,74,26,0,1,10,52,0,4,421,6.4,3095,15:52,hagelca01
120,Jay Caufield,1989,1993,5,194,3,7,10,-13,714,3,0,0,1,7,0,0,43,7.0,,,caufija01
121,Conor Sheary,2016,2020,4,192,49,48,97,24,42,45,4,0,10,44,4,0,361,13.6,2619,13:38,shearco01
122,Zarley Zalapski,1988,1991,4,190,33,102,135,20,160,16,15,2,5,47,53,2,346,9.5,,,zalapza01
123,John Marino,2020,2022,3,189,10,54,64,23,51,8,2,0,1,43,8,3,207,4.8,3883,20:33,marinjo01
124,Dunc McCallum,1968,1971,4,185,14,35,49,-53,228,10,3,1,2,25,9,1,249,5.6,,,mccaldu01
125,Ben Lovejoy,2009,2016,7,184,9,29,38,22,101,9,0,0,0,25,1,3,256,3.5,3089,16:47,lovejbe01
126,Gary Rissling,1981,1985,5,184,20,26,46,-36,830,19,1,0,1,22,4,0,143,14.0,,,risslga01
127,Kjell Samuelsson,1992,1995,4,183,10,22,32,51,312,9,1,0,2,18,3,1,185,5.4,,,samuekj01
128,Colby Armstrong,2006,2008,3,181,37,61,98,23,175,26,8,3,8,49,9,3,315,11.7,3075,16:59,armstco01
129,Alex Goligoski,2008,2011,4,177,23,67,90,34,68,13,10,0,4,35,32,0,262,8.8,3590,20:17,goligal01
130,Dick Tärnström,2003,2006,3,174,28,75,103,-58,140,9,19,0,0,24,51,0,313,8.9,3939,22:38,tarnsdi01
131,Tomas Sandström,1994,1997,4,172,71,84,155,14,168,46,22,3,6,57,22,5,448,15.8,,,sandsto01
132,Jason Zucker,2020,2023,4,172,50,45,95,-15,85,43,7,0,8,34,11,0,402,12.4,2690,15:38,zuckeja01
133,Greg Hotham,1982,1985,4,170,11,63,74,-43,118,6,5,0,0,31,32,0,239,4.6,,,hothagr01
134,Shawn McEachern,1992,1995,4,170,53,59,112,39,78,41,8,4,8,47,11,1,385,13.8,,,mceacsh01
135,Jim Paek,1991,1994,4,170,4,26,30,8,117,4,0,0,0,24,0,2,114,3.5,,,paekji01
136,Jeff Carter,2021,2023,3,169,41,44,85,-15,68,32,8,1,5,35,8,1,376,10.9,2663,15:45,carteje01
137,Craig Simpson,1986,1988,3,169,50,55,105,15,138,36,13,1,6,41,14,0,266,18.8,,,simpscr01
138,Tom Kühnhackl,2016,2018,3,168,11,28,39,5,48,8,0,3,2,25,1,2,164,6.7,1811,10:47,kuhnhto01
139,Dennis Owchar,1975,1978,4,168,18,49,67,6,146,16,2,0,0,42,4,3,261,6.9,,,owchade01
140,Peter Taglianetti,1991,1995,5,167,7,28,35,33,338,7,0,0,0,28,0,0,128,5.5,,,taglipe01
141,François Leroux,1995,1997,3,165,2,14,16,6,356,2,0,0,0,14,0,0,67,3.0,,,leroufr01
142,Andrew Ference,2000,2003,4,163,11,25,36,-19,157,8,3,0,2,22,2,1,177,6.2,2991,18:21,ferenan01
143,Vic Hadfield,1975,1977,3,163,61,79,140,6,118,47,10,4,5,44,33,2,460,13.3,,,hadfivi01
144,Joe Vitale,2011,2014,4,163,8,27,35,-14,115,8,0,0,3,24,2,1,151,5.3,1751,10:45,vitaljo01
145,Kasperi Kapanen,2021,2023,3,162,29,53,82,9,31,25,4,0,7,42,11,0,266,10.9,2287,14:07,kapanka01
146,Steve McKenna,2001,2004,3,162,10,3,13,-32,313,5,5,0,3,3,0,0,96,10.4,1033,6:23,mckenst01
147,Mike Rupp,2010,2011,2,162,22,14,36,1,244,22,0,0,2,13,1,0,168,13.1,1547,9:33,ruppmi01
148,Darryl Edestrand,1972,1974,3,158,25,47,72,-9,140,17,6,2,5,38,9,0,311,8.0,,,edestda01
149,Marc Bergevin,2001,2004,3,157,4,17,21,-12,89,4,0,0,0,16,0,1,61,6.6,2790,17:46,bergema01
150,Petr Sýkora,2008,2009,2,157,53,56,109,4,77,25,28,0,14,38,18,0,381,13.9,2603,16:35,sykorpe01
151,Bryan Trottier*,1991,1994,3,156,24,48,72,-18,114,19,3,2,0,41,5,2,215,11.2,,,trottbr01
152,Kip Miller,1999,2001,3,154,26,46,72,0,38,24,2,0,5,39,7,0,213,12.2,2254,14:38,milleki01
153,Petr Nedvěd,1996,1997,2,154,78,92,170,35,134,54,20,4,9,64,26,2,393,19.8,,,nedvepe01
154,Al McDonough,1972,1974,3,152,56,74,130,11,46,45,11,0,9,45,29,0,540,10.4,,,mcdonal01
155,Jarkko Ruutu,2007,2008,2,152,13,19,32,3,263,12,0,1,3,19,0,0,118,11.0,1481,9:44,ruutuja01
156,Warren Young,1984,1988,4,152,49,52,101,-31,311,37,12,0,4,39,13,0,198,24.7,,,youngwa01
157,Markus Näslund,1994,1996,3,151,25,42,67,14,65,21,4,0,4,37,5,0,218,11.5,,,nasluma02
158,Andy Bathgate*,1968,1971,2,150,35,68,103,-23,89,26,9,0,7,42,26,0,501,7.0,,,bathgan01
159,Rick Tocchet,1992,1994,3,150,76,103,179,25,435,41,29,6,8,68,34,1,449,16.9,,,tocchri01
160,Chuck Arnason,1974,1976,3,149,46,40,86,-6,50,39,7,0,7,33,7,0,401,11.5,,,arnasch01
161,Jack Johnson,2019,2020,2,149,4,20,24,-5,67,2,1,1,0,17,1,2,149,2.7,2885,19:22,johnsja02
162,Nick Bonino,2016,2023,3,146,27,39,66,9,47,17,8,2,1,34,5,0,242,11.2,2360,16:10,boninni01
163,Ruslan Fedotenko,2009,2010,2,145,27,42,69,1,94,23,4,0,6,35,7,0,275,9.8,2089,14:24,fedotru01
164,Simon Despres,2012,2015,4,144,5,28,33,27,120,4,1,0,1,25,3,0,172,2.9,2290,15:54,desprsi01
165,Orest Kindrachuk,1979,1981,3,144,38,80,118,11,181,28,7,3,1,56,24,0,275,13.8,,,kindror01
166,Konstantin Koltsov,2003,2006,3,144,12,26,38,-42,50,9,2,1,3,21,4,1,199,6.0,2080,14:27,koltsko01
167,Dean Prentice,1970,1971,2,144,47,42,89,-29,32,28,19,0,4,28,14,0,340,13.8,,,prentde01
168,Erik Christensen,2006,2008,3,143,33,33,66,-9,88,23,10,0,1,21,12,0,327,10.1,1799,12:35,chriser01
169,Noel Price,1968,1969,2,143,8,45,53,-36,109,6,2,0,2,37,8,0,337,2.4,,,priceno01
170,Terry Ruskowski,1986,1987,2,142,40,74,114,17,307,24,16,0,9,45,29,0,163,24.5,,,ruskote01
171,Danton Heinen,2022,2023,2,141,26,29,55,1,28,22,4,0,1,27,2,0,234,11.1,1665,11:49,heineda01
172,Jared McCann,2019,2021,3,141,39,45,84,31,38,27,9,3,8,38,7,0,315,12.4,2099,14:53,mccanja01
173,Gary McAdam,1979,1981,3,140,27,40,67,-28,95,24,3,0,3,33,6,1,299,9.0,,,mcadaga01
174,Marc Chorney,1981,1984,4,139,5,18,23,-44,151,5,0,0,1,17,1,0,110,4.5,,,chornma01
175,Billy Dea,1968,1969,2,139,26,20,46,-47,12,23,3,0,4,18,2,0,248,10.5,,,deabi01
176,Dan LaCouture,2001,2003,3,137,8,13,21,-27,157,7,0,1,0,12,1,0,108,7.4,1559,11:23,lacouda01
177,Mark Johnson,1980,1982,3,136,23,39,62,-16,84,20,2,1,2,28,11,0,234,9.8,,,johnsma02
178,Mike Stapleton,1993,1994,2,136,11,13,24,-12,28,7,3,1,1,7,6,0,137,8.0,,,staplmi01
179,Tom Bladon,1979,1980,2,135,6,29,35,-41,99,4,2,0,1,16,13,0,204,2.9,,,bladoto01
180,Eric Godard,2009,2011,3,135,3,7,10,3,352,3,0,0,0,7,0,0,38,7.9,575,4:16,godarer01
181,Zbyněk Michálek,2011,2012,2,135,7,25,32,0,54,6,1,0,2,20,4,1,181,3.9,2937,21:45,michazb01
182,Glen Murray,1996,1997,2,135,25,26,51,-15,81,22,3,0,3,25,1,0,227,11.0,,,murragl01
183,German Titov,1999,2000,2,135,28,70,98,15,68,18,7,3,6,46,23,1,224,12.5,2686,19:54,titovge01
184,Jeff Daniels,1991,1994,4,134,8,11,19,-6,36,8,0,0,2,11,0,0,82,9.8,,,danieje01
185,Pat Hughes,1980,1981,2,134,28,23,51,-48,239,23,5,0,2,19,3,1,248,11.3,,,hughepa01
186,Marty McSorley,1984,1994,3,134,5,25,30,-49,378,5,0,0,0,16,8,1,208,2.4,,,mcsorma01
187,Gordie Roberts,1991,1992,2,134,5,34,39,37,157,4,1,0,1,32,0,2,51,9.8,,,robergo02
188,Barry Wilkins,1975,1976,2,134,5,56,61,29,203,4,0,1,0,48,5,3,150,3.3,,,wilkiba01
189,Randy Gilhen,1990,1991,2,133,20,21,41,-5,105,17,1,2,2,21,0,0,179,11.2,,,gilhera01
190,Jim Morrison,1970,1971,2,132,5,25,30,-30,72,3,2,0,0,15,10,0,269,1.9,,,morriji01
191,Dave Roche,1996,1997,2,132,12,12,24,-18,285,10,2,0,1,11,1,0,118,10.2,,,rocheda02
192,Willy Lindström,1986,1987,2,131,24,30,54,9,36,23,1,0,2,28,1,1,180,13.3,,,lindswi01
193,Wayne Primeau,2001,2003,3,131,9,24,33,-31,127,7,1,1,0,20,2,2,159,5.7,1914,14:37,primewa01
194,Matthew Barnaby,1999,2001,3,129,15,18,33,-14,399,14,1,0,3,16,2,0,145,10.3,1420,11:00,barnama01
195,Beau Bennett,2013,2016,4,129,16,29,45,3,32,14,2,0,4,23,6,0,190,8.4,1615,12:31,bennebe01
196,Joe Dziedzic,1996,1997,2,128,14,14,28,-9,131,14,0,0,4,14,0,0,129,10.9,,,dziedjo01
197,Pat Price,1981,1983,3,128,8,52,60,-15,459,6,2,0,0,41,9,2,189,4.2,,,pricepa01
198,Fredrik Olausson,1997,1998,2,127,13,47,60,34,66,9,4,0,4,23,23,1,164,7.9,,,olausfr01
199,Tomáš Surový,2003,2006,3,126,27,32,59,-21,71,20,7,0,4,24,8,0,266,10.2,1678,13:19,surovto01
200,Janne Laukkanen,2000,2003,4,125,11,37,48,-9,82,7,4,0,1,23,12,2,153,7.2,2234,17:52,laukkja01
201,Norm Schmidt,1984,1988,4,125,23,33,56,-1,73,19,4,0,0,26,6,1,242,9.5,,,schmino01
202,Bob Blackburn,1970,1971,2,124,8,12,20,-16,105,8,0,0,2,11,1,0,136,5.9,,,blackbo01
203,Brock McGinn,2022,2023,2,124,22,16,38,0,35,20,0,2,5,16,0,0,176,12.5,1751,14:07,mcginbr01
204,Evan Rodrigues,2020,2022,3,124,27,31,58,0,24,18,9,0,3,30,1,0,319,8.5,1870,15:05,rodriev01
205,Michel Ouellet,2006,2007,2,123,35,45,80,-16,46,13,22,0,2,29,15,1,235,14.9,1674,13:37,ouellmi01
206,Glen Sather*,1970,1971,2,122,20,17,37,-11,210,16,3,1,0,12,5,0,191,10.5,,,sathegl01
207,Riley Sheahan,2018,2019,2,122,18,23,41,-3,17,16,1,1,3,20,1,2,164,11.0,1736,14:14,sheahri01
208,Neil Wilkinson,1996,1999,4,122,4,14,18,-2,169,3,1,0,0,12,1,1,88,4.5,239,9:58,wilkine01
209,Nick Libett,1980,1981,2,121,20,18,38,-17,18,17,2,1,3,17,1,0,165,12.1,,,libetni01
210,Rico Fata,2003,2006,3,120,21,26,47,-57,74,13,6,2,1,15,9,2,230,9.1,2054,17:07,fatari01
211,Chris Joseph,1988,1996,3,120,10,28,38,11,129,7,3,0,1,20,7,1,180,5.6,,,josepch01
212,Mike Matheson,2021,2022,2,118,16,31,47,21,61,16,0,0,6,28,3,0,226,7.1,2211,18:44,mathemi01
213,Gord Dineen,1989,1992,4,117,2,10,12,-5,173,2,0,0,0,10,0,0,69,2.9,,,dineego01
214,Pete Mahovlich,1978,1979,2,117,39,75,114,-7,76,23,14,2,1,52,21,2,354,11.0,,,mahovpe01
215,Stan Gilbertson,1976,1977,2,115,19,17,36,-12,19,16,3,0,1,15,2,0,148,12.8,,,gilbest01
216,Tanner Glass,2013,2014,2,115,5,10,15,-19,152,4,1,0,0,10,0,0,94,5.3,1273,11:04,glassta01
217,Leo Boivin*,1968,1969,2,114,14,26,40,-22,100,8,6,0,2,21,5,0,237,5.9,,,boivile01
218,Gene Ubriaco,1968,1969,2,114,33,26,59,-12,30,26,7,0,5,18,8,0,219,15.1,,,ubriage01
219,Robert Bortuzzo,2012,2015,4,113,4,16,20,-5,171,4,0,0,0,15,0,1,100,4.0,1688,14:56,borturo01
220,Alex Hicks,1997,1998,2,113,12,28,40,-2,130,12,0,0,4,26,1,1,135,8.9,,,hicksal01
221,Dave Schultz,1978,1979,2,113,13,34,47,-11,533,13,0,0,1,32,2,0,151,8.6,,,schulda01
222,Richard Park,1995,2012,4,112,11,14,25,2,50,9,0,2,5,11,2,1,111,9.9,589,10:55,parkri01
223,Trevor Daley,2016,2017,2,109,11,30,41,15,63,9,2,0,0,20,9,1,171,6.4,2225,20:25,daleytr01
224,Arron Asham,2011,2012,2,108,10,17,27,-5,122,10,0,0,0,17,0,0,109,9.2,1011,9:22,ashamar01
225,Dave McLlwain,1988,1996,3,108,14,14,28,-17,48,13,1,0,1,13,1,0,98,14.3,,,mcllwda01
226,Eric Fehr,2016,2017,2,107,14,11,25,3,33,10,0,4,5,10,1,0,135,10.4,1287,12:01,fehrer01
227,Jean-Guy Lagace,1969,1975,4,106,4,20,24,-22,119,2,1,1,1,16,3,1,107,3.7,,,lagacje01
228,Ron Lalonde,1973,1975,3,106,10,20,30,3,16,9,0,1,2,19,1,0,87,11.5,,,lalonro01
229,Mark Taylor,1984,1985,2,106,31,41,72,-24,43,20,9,2,2,31,10,0,152,20.4,,,tayloma01
230,Scott Wilson,2015,2018,4,106,13,19,32,-2,44,13,0,0,2,19,0,0,169,7.7,1146,10:49,wilsosc01
231,Bill Speer,1968,1969,2,102,4,17,21,-29,71,2,2,0,1,11,6,0,144,2.8,,,speerbi01
232,Jock Callander,1988,1990,3,101,21,28,49,-16,114,15,6,0,2,19,9,0,116,18.1,,,callajo01
233,Rickard Rakell,2022,2023,2,101,32,41,73,2,20,21,11,0,3,30,11,0,291,11.0,1835,18:10,rakelri01
234,Kris Beech,2002,2008,4,100,10,17,27,-29,59,8,2,0,0,11,6,0,144,6.9,1289,12:54,beechkr01
235,Dustin Jeffrey,2009,2014,6,100,15,13,28,4,10,13,1,1,1,13,0,0,125,12.0,1183,11:50,jeffrdu01
236,Brandon Tanev,2020,2021,2,100,18,23,41,11,38,15,0,3,4,20,1,2,138,13.0,1466,14:39,tanevbr01
237,Bob McManama,1974,1976,3,99,11,25,36,-6,28,10,0,1,1,22,2,1,107,10.3,,,mcmanbo01
238,Mike Corrigan,1977,1978,2,98,22,39,61,-18,46,20,2,0,1,28,11,0,161,13.7,,,corrimi01
239,André St. Laurent,1982,1984,3,96,23,14,37,-13,130,20,2,1,1,13,1,0,165,13.9,,,stlauan01
240,Andy Brickley,1984,1985,2,95,25,35,60,-19,19,16,8,1,3,27,7,1,133,18.8,,,brickan01
241,Bill Guerin,2009,2010,2,95,26,31,57,-6,93,15,11,0,5,20,11,0,272,9.6,1618,17:02,gueribi01
242,Jim Hamilton,1978,1985,8,95,14,18,32,-10,28,13,1,0,1,16,2,0,143,9.8,,,hamilji01
243,Pierre-Olivier Joseph,2021,2023,3,95,6,20,26,7,52,5,1,0,1,18,2,0,142,4.2,1485,15:38,joseppi01
244,Kevin McCarthy,1984,1985,2,95,13,26,39,-54,82,11,1,1,0,19,6,1,103,12.6,,,mccarke01
245,Dale Tallon,1979,1980,2,95,10,33,43,-18,53,4,6,0,4,19,13,1,137,7.3,,,talloda01
246,Sam Lafferty,2020,2022,3,94,6,15,21,-1,64,6,0,0,1,15,0,0,98,6.1,901,9:35,laffesa01
247,John LeClair,2006,2007,2,94,24,34,58,-26,73,14,9,1,0,15,19,0,162,14.8,1399,14:53,leclajo01
248,Jiří Hrdina,1991,1992,2,93,9,27,36,2,29,7,1,1,1,23,4,0,109,8.3,,,hrdinji01
249,Josef Beránek,1997,2001,3,91,16,19,35,-14,65,12,4,0,2,14,5,0,199,8.0,1268,15:17,beranjo01
250,Jussi Jokinen,2013,2014,2,91,28,40,68,15,24,21,7,0,4,22,18,0,185,15.1,1421,15:37,jokinju01
251,Toby Petersen,2001,2002,2,91,10,16,26,-12,8,8,1,1,1,14,2,0,141,7.1,1129,12:25,peterto01
252,Jamie Pushor,2002,2003,2,91,3,3,6,-31,106,3,0,0,0,3,0,0,68,4.4,1575,17:19,pushoja01
253,Paul Andrea,1968,1969,2,90,18,27,45,-15,4,8,10,0,2,12,15,0,137,13.1,,,andrepa01
254,Earl Ingarfield,1968,1969,2,90,23,37,60,-25,16,17,5,1,0,29,8,0,181,12.7,,,ingarea01
255,Steve Gatzos,1982,1985,4,89,15,20,35,-31,83,12,3,0,2,16,4,0,141,10.6,,,gatzost01
256,Bryan Maxwell,1984,1985,2,89,3,20,23,-23,141,3,0,0,0,13,5,2,83,3.6,,,maxwebr01
257,Georges Laraque,2007,2008,2,88,4,11,15,-3,159,4,0,0,2,11,0,0,39,10.3,676,7:41,laraqge01
258,Ville Nieminen,2002,2003,2,88,10,14,24,-27,101,8,0,2,1,11,3,0,97,10.3,1271,14:26,niemivi01
259,Chris Conner,2010,2014,3,87,13,11,24,1,12,13,0,0,4,11,0,0,119,10.9,1009,11:36,connech01
260,Dmitri Mironov,1996,1997,2,87,4,36,40,15,112,3,1,0,2,26,8,2,105,3.8,,,mirondm01
261,Eddie Shack,1972,1973,2,87,30,29,59,-4,96,18,12,0,5,17,12,0,239,12.6,,,shacked01
262,Todd Charlesworth,1984,1988,5,86,3,9,12,-34,41,3,0,0,1,8,1,0,79,3.8,,,charlto01
263,Kent Manderville,2002,2003,2,86,3,5,8,-21,50,3,0,0,1,5,0,0,76,3.9,959,11:09,mandeke01
264,David Perron,2015,2016,2,86,16,22,38,-21,70,12,4,0,1,16,6,0,218,7.3,1423,16:33,perroda01
265,Brian Spencer,1978,1979,2,86,9,11,20,-17,81,9,0,0,1,10,1,0,103,8.7,,,spencbr01
266,Mark Letestu,2010,2012,3,85,15,14,29,-4,17,11,4,0,3,12,2,0,146,10.3,1150,13:32,letesma01
267,Randy Boyd,1982,1984,3,84,4,17,21,-43,126,3,1,0,0,10,7,0,141,2.8,,,boydra01
268,Rick Kessell,1970,1973,4,84,2,18,20,-9,4,2,0,0,0,14,4,0,68,2.9,,,kesseri01
269,Barry Pederson,1990,1991,2,84,10,26,36,-8,50,8,2,0,2,19,7,0,84,11.9,,,pederba01
270,Jamie Oleksiak,2018,2019,2,83,8,17,25,18,106,7,1,0,1,17,0,0,99,8.1,1389,16:44,oleksja01
271,Krzysztof Oliwa,2001,2002,2,83,1,4,5,-9,281,1,0,0,0,3,1,0,48,2.1,447,5:23,oliwakr01
272,Tracy Pratt,1969,1970,2,83,5,12,17,-33,158,5,0,0,1,11,1,0,83,6.0,,,pratttr01
273,Tony Tanti,1990,1991,2,83,20,30,50,-10,66,10,10,0,0,19,11,0,163,12.3,,,tantito01
274,Matt Bradley,2004,2004,1,82,7,9,16,-27,65,7,0,0,1,8,1,0,85,8.2,1049,12:48,bradlma01
275,Mike Eastwood,2004,2004,1,82,4,15,19,-18,40,4,0,0,1,13,0,2,55,7.3,1160,14:09,eastwmi01
276,Nick Spaling,2015,2015,1,82,9,18,27,-2,26,8,1,0,0,18,0,0,90,10.0,1250,15:14,spalini01
277,Darryl Sydor,2008,2009,2,82,2,13,15,6,28,1,1,0,0,10,3,0,66,3.0,1414,17:15,sydorda01
278,Mike Needham,1993,1994,2,81,9,5,14,-1,16,9,0,0,3,4,1,0,55,16.4,,,needhmi01
279,Randy Robitaille,2002,2003,2,81,15,32,47,-9,24,11,4,0,3,22,10,0,152,9.9,1298,16:01,robitra01
280,Bryan Smolinski,1996,1996,1,81,24,40,64,6,69,14,8,2,1,30,10,0,229,10.5,,,smolibr01
281,Ron Flockhart,1984,1985,2,80,27,23,50,-14,44,22,5,0,1,19,4,0,222,12.2,,,flockro02
282,Hal Gill,2008,2009,2,80,3,11,14,17,69,3,0,0,0,11,0,0,57,5.3,1425,17:49,gillha01
283,Juuso Riikola,2019,2022,4,80,3,10,13,8,18,1,2,0,1,8,2,0,89,3.4,1207,15:05,riikoju01
284,Don Awrey,1977,1977,1,79,1,12,13,-2,40,1,0,0,0,11,0,1,44,2.3,,,awreydo01
285,Tom Kostopoulos,2002,2004,3,79,10,16,26,-19,76,7,2,1,1,12,4,0,115,8.7,1035,13:06,kostoto01
286,Steve Sullivan,2012,2012,1,79,17,31,48,-3,20,12,5,0,1,15,16,0,140,12.1,1213,15:22,sullist01
287,Bobby Leiter,1972,1972,1,78,14,17,31,-25,18,9,5,0,3,14,3,0,147,9.5,,,leitebo01
288,Drew O'Connor,2021,2023,3,78,8,9,17,-6,18,8,0,0,0,9,0,0,110,7.3,767,9:50,oconndr01
289,Doug Brown,1994,1994,1,77,18,37,55,19,18,16,2,0,1,36,1,0,152,11.8,,,browndo01
290,Andreas Johansson,1997,1998,2,77,7,17,24,-2,40,6,0,1,0,15,1,1,87,8.0,,,johanan01
291,Mike Ramsey,1993,1994,2,77,3,4,7,9,30,3,0,0,0,4,0,0,39,7.7,,,ramsemi01
292,Josh Archibald,2016,2023,4,76,9,6,15,9,47,8,0,1,0,6,0,0,85,10.6,763,10:03,archijo01
293,Mike Blaisdell,1986,1987,2,76,16,15,31,17,38,16,0,0,0,13,2,0,136,11.8,,,blaismi01
294,Michel Briere,1970,1970,1,76,12,32,44,-13,20,8,4,0,3,20,12,0,223,5.4,,,briermi01
295,Charlie Burns,1969,1969,1,76,13,38,51,-8,22,11,1,1,1,28,7,3,133,9.8,,,burnsch01
296,Bobby Dollas,1999,2001,2,75,2,8,10,-3,64,2,0,0,0,7,0,1,40,5.0,1181,15:45,dollabo01
297,Greg Fox,1984,1985,2,75,4,10,14,-42,92,4,0,0,0,9,0,1,41,9.8,,,foxgr01
298,Sheldon Kannegiesser,1971,1973,3,75,2,6,8,-25,76,2,0,0,0,6,0,0,67,3.0,,,kannesh01
299,Ric Jackman,2004,2006,2,74,13,39,52,-25,60,4,9,0,2,19,18,2,151,8.6,1505,20:21,jackmri01
300,Al MacNeil,1968,1968,1,74,2,10,12,-5,58,2,0,0,0,10,0,0,75,2.7,,,macneal01
301,Ab McDonald,1968,1968,1,74,22,21,43,-4,38,15,6,1,2,19,2,0,185,11.9,,,mcdonab01
302,Dave Tippett,1993,1993,1,74,6,19,25,5,56,5,0,1,1,17,0,2,64,9.4,,,tippeda01
303,Steve Downie,2015,2015,1,72,14,14,28,2,238,11,3,0,2,12,2,0,104,13.5,895,12:26,downist01
304,Kevin McClelland,1982,1984,3,72,8,12,20,-19,139,6,0,2,0,11,0,1,128,6.3,,,mccleke01
305,Lou Angotti,1969,1969,1,71,17,20,37,-22,36,14,3,0,2,14,6,0,123,13.8,,,angotlo01
306,Kelly Buchberger,2004,2004,1,71,1,3,4,-19,109,1,0,0,0,3,0,0,34,2.9,735,10:21,buchbke01
307,Carter Rowney,2017,2018,2,71,5,7,12,-11,8,4,0,1,1,7,0,0,45,11.1,707,9:58,rowneca01
308,Gene Carr,1978,1978,1,70,17,37,54,-16,76,13,4,0,2,16,21,0,145,11.7,,,carrge01
309,Brian Holzinger,2003,2004,2,70,7,17,24,-33,44,5,1,1,1,11,6,0,102,6.9,1175,16:47,holzibr01
310,Mitch Lamoureux,1984,1985,2,70,11,9,20,-17,59,9,0,2,1,7,1,1,94,11.7,,,lamoumi01
311,Bob Boughner,2000,2001,2,69,2,3,5,20,216,1,1,0,1,3,0,0,54,3.7,1145,16:35,boughbo01
312,Eddie Olczyk,1997,1998,2,68,15,18,33,-1,41,9,5,1,1,12,4,2,152,9.9,,,olczyed01
313,Ed Patterson,1994,1997,3,68,3,3,6,-10,56,3,0,0,0,2,0,1,34,8.8,,,patteed01
314,Wayne Babych,1985,1986,2,67,20,34,54,-8,35,17,3,0,3,28,6,0,131,15.3,,,babycwa01
315,Nick Beverley,1974,1974,1,67,2,14,16,-15,21,2,0,0,1,13,1,0,74,2.7,,,beverni01
316,Dan Kesa,1999,1999,1,67,2,8,10,-9,27,2,0,0,0,6,2,0,33,6.1,678,10:07,kesada01
317,Chris Kontos,1987,1988,2,67,9,16,25,-11,18,8,1,0,1,15,1,0,55,16.4,,,kontoch01
318,Derrick Pouliot,2015,2017,3,67,2,12,14,-11,10,1,1,0,2,9,3,0,92,2.2,1100,16:25,poulide01
319,Brian Boyle,2022,2022,1,66,11,10,21,6,27,10,0,1,1,10,0,0,87,12.6,712,10:47,boylebr01
320,J.J. Daigneault,1996,1997,2,66,6,17,23,-5,59,4,2,0,1,9,8,0,62,9.7,,,daignjj01
321,Steve Durbano,1974,1976,3,66,4,23,27,25,309,2,2,0,0,18,5,0,110,3.6,,,durbast01
322,Shean Donovan,2002,2003,2,65,6,6,12,-11,34,5,0,1,0,5,0,1,84,7.1,866,13:20,donovsh01
323,Steve Dykstra,1989,1989,1,65,1,6,7,-12,126,1,0,0,0,5,0,1,38,2.6,,,dykstst01
324,Miroslav Šatan,2009,2009,1,65,17,19,36,3,36,11,6,0,2,14,5,0,120,14.2,1024,15:45,satanmi01
325,Bob Stewart,1980,1980,1,65,3,7,10,-24,52,3,0,0,0,7,0,0,53,5.7,,,stewabo01
326,Jacques Cossette,1976,1979,3,64,8,6,14,-6,29,6,2,0,1,6,0,0,58,13.8,,,cosseja01
327,Dan Focht,2003,2004,2,64,2,6,8,-30,124,2,0,0,0,4,2,0,67,3.0,1082,16:54,fochtda01
328,Mark Kachowski,1988,1990,3,64,6,5,11,3,209,6,0,0,1,5,0,0,28,21.4,,,kachoma01
329,Jack Lynch,1973,1974,2,64,1,25,26,-34,61,1,0,0,0,8,17,0,101,1.0,,,lynchja01
330,Craig Muni,1997,1997,1,64,0,4,4,-6,36,0,0,0,0,3,0,1,19,0.0,,,municr01
331,Sergei Zubov*,1996,1996,1,64,11,55,66,28,22,6,3,2,1,24,29,2,141,7.8,,,zubovse01
332,Pat Graham,1982,1983,2,62,7,13,20,-7,71,6,1,0,1,12,1,0,76,9.2,,,grahapa01
333,Anders Håkansson,1983,1983,1,62,9,12,21,-11,26,9,0,0,1,12,0,0,67,13.4,,,hakanan01
334,Jay McKee,2010,2010,1,62,1,9,10,6,54,1,0,0,0,7,0,2,42,2.4,957,15:26,mckeeja01
335,Zach Sill,2014,2015,2,62,1,2,3,-7,72,1,0,0,0,2,0,0,40,2.5,564,9:06,sillza01
336,Billy Tibbetts,2001,2002,2,62,2,7,9,-15,188,2,0,0,1,7,0,0,58,3.4,608,9:49,tibbebi01
337,Blake Comeau,2015,2015,1,61,16,15,31,6,65,16,0,0,5,14,1,0,147,10.9,932,15:17,comeabl01
338,Bob Dillabough,1968,1969,2,61,7,12,19,-12,20,6,1,0,0,11,1,0,73,9.6,,,dillabo01
339,Éric Meloche,2002,2004,3,61,8,9,17,-15,32,6,2,0,1,7,0,2,91,8.8,823,13:29,melocer01
340,Tom O'Regan,1984,1986,3,61,5,12,17,-19,10,5,0,0,0,12,0,0,52,9.6,,,oregato01
341,Jeff Petry,2023,2023,1,61,5,26,31,2,24,3,2,0,0,19,7,0,113,4.4,1363,22:21,petryje01
342,Jamie Leach,1990,1993,4,60,7,7,14,-2,10,6,1,0,0,7,0,0,52,13.5,,,leachja01
343,Dave Hunter,1988,1988,1,59,11,18,29,8,77,9,0,2,1,17,1,0,115,9.6,,,hunteda01
344,Paul Marshall,1980,1981,2,59,12,12,24,-9,13,10,2,0,5,7,5,0,76,15.8,,,marshpa01
345,Dominic Moore,2007,2007,1,59,6,9,15,1,46,6,0,0,0,9,0,0,100,6.0,771,13:04,mooredo01
346,Matt Murley,2004,2006,2,59,2,6,8,-15,38,2,0,0,0,5,0,1,68,2.9,683,11:35,murlema01
347,Tom Edur,1978,1978,1,58,5,38,43,-9,18,3,2,0,1,24,13,1,135,3.7,,,edurto01
348,Ryan Reaves,2018,2018,1,58,4,4,8,-9,84,4,0,0,1,4,0,0,34,11.8,392,6:45,reavery01
349,Stéphane Richer,2002,2002,1,58,13,12,25,-8,14,12,1,0,2,11,1,0,107,12.1,816,14:04,richest02
350,Tom Roulston,1984,1986,2,58,11,17,28,-32,10,8,3,0,0,10,7,0,116,9.5,,,roulsto01
351,Martin Sonnenberg,1999,2000,2,58,2,3,5,-2,19,1,1,0,0,3,0,0,31,6.5,280,4:50,sonnema01
352,Art Stratton,1968,1968,1,58,16,21,37,-6,16,11,5,0,2,19,2,0,104,15.4,,,stratar01
353,Jim Kyte,1990,1991,2,57,3,1,4,-10,127,3,0,0,0,1,0,0,23,13.0,,,kyteji01
354,Gary Roberts,2007,2008,2,57,10,18,28,-8,66,5,5,0,1,13,5,0,72,13.9,807,14:09,roberga01
355,Jason Woolley,1997,1997,1,57,6,30,36,3,28,4,2,0,1,17,13,0,79,7.6,,,woollja01
356,Steve Leach,2000,2000,1,56,2,3,5,-11,24,2,0,0,1,3,0,0,41,4.9,372,6:39,leachst01
357,Alain Nasreddine,2006,2008,3,56,1,4,5,10,30,1,0,0,0,4,0,0,35,2.9,863,15:24,nasreal01
358,Jan Rutta,2023,2023,1,56,3,6,9,3,30,3,0,0,0,6,0,0,64,4.7,959,17:07,ruttaja02
359,Garry Valk,1997,1998,2,56,5,5,10,-9,58,5,0,0,0,3,0,2,64,7.8,,,valkga01
360,Marcel Goc,2014,2015,2,55,2,6,8,-2,8,2,0,0,0,5,0,1,55,3.6,690,12:33,gocma01
361,Billy Harris,1969,1969,1,55,7,13,20,-19,8,5,2,0,0,11,2,0,61,11.5,,,harribi01
362,Tim Hrynewich,1983,1984,2,55,6,8,14,-16,82,6,0,0,2,8,0,0,46,13.0,,,hryneti01
363,Ted Snell,1974,1974,1,55,4,12,16,-22,8,4,0,0,0,9,1,2,64,6.3,,,snellte01
364,Derick Brassard,2018,2019,2,54,12,11,23,-5,33,11,1,0,1,9,2,0,95,12.6,810,15:00,brassde01
365,Gilbert Delorme,1990,1990,1,54,3,7,10,3,44,3,0,0,0,7,0,0,37,8.1,,,delorgi01
366,Mark Friedman,2021,2023,3,54,4,7,11,6,43,4,0,0,1,7,0,0,69,5.8,733,13:34,friedma01
367,Peter Popovic,2000,2000,1,54,1,5,6,-8,30,1,0,0,0,4,1,0,23,4.3,875,16:12,popovpe01
368,Chris Wells,1996,1996,1,54,2,2,4,-6,59,1,0,1,0,2,0,0,25,8.0,,,wellsch01
369,Len Barrie,1995,1996,2,53,3,11,14,-5,84,3,0,0,1,9,2,0,42,7.1,,,barrile01
370,Steve Cardwell,1971,1973,3,53,9,11,20,-6,35,7,2,0,1,11,0,0,70,12.9,,,cardwst01
371,Cody Ceci,2021,2021,1,53,4,13,17,18,10,4,0,0,1,13,0,0,58,6.9,981,18:31,cecico01
372,Ron Duguay,1986,1987,2,53,11,20,31,-21,36,8,3,0,0,13,7,0,88,12.5,,,duguaro01
373,Bernie Lukowich,1974,1974,1,53,9,10,19,-4,32,8,1,0,2,10,0,0,60,15.0,,,lukowbe01
374,Ryan Poehling,2023,2023,1,53,7,7,14,-2,8,5,0,2,0,6,0,1,64,10.9,624,11:46,poehlry01
375,Jeff Taffe,2008,2009,2,53,5,9,14,-2,10,4,1,0,1,5,4,0,61,8.2,499,9:25,taffeje01
376,Drake Berehowsky,1995,2004,3,52,5,16,21,-14,63,2,3,0,0,4,12,0,64,7.8,997,21:13,berehdr01
377,Róbert Döme,1998,2000,2,52,7,7,14,0,12,6,1,0,0,6,1,0,56,12.5,217,9:51,domero01
378,George Konik,1968,1968,1,52,7,8,15,-9,26,6,1,0,1,7,1,0,50,14.0,,,konikge01
379,Maxim Galanov,1999,1999,1,51,4,3,7,-8,14,2,2,0,0,2,1,0,44,9.1,776,15:13,galanma01
380,Ken Priestlay,1991,1992,2,51,2,9,11,5,4,2,0,0,0,7,2,0,22,9.1,,,prieske01
381,Dominik Kahun,2020,2020,1,50,10,17,27,6,8,9,1,0,2,16,1,0,79,12.7,673,13:27,kahundo01
382,Jim McKenzie,1994,1995,2,50,2,1,3,-12,79,2,0,0,1,1,0,0,22,9.1,,,mckenji02
383,Charlie Simmer,1988,1988,1,50,11,17,28,6,24,6,5,0,3,10,7,0,58,19.0,,,simmech01
384,Garrett Wilson,2019,2019,1,50,2,6,8,2,18,2,0,0,0,6,0,0,54,3.7,381,7:37,wilsoga01
385,Richard Zemlak,1989,1990,2,50,1,5,6,-10,178,0,1,0,0,5,0,0,13,7.7,,,zemlari01
386,Christian Ehrhoff,2015,2015,1,49,3,11,14,8,26,3,0,0,3,9,2,0,110,2.7,1066,21:46,ehrhoch01
387,René Robert,1972,1972,1,49,7,11,18,-11,42,4,3,0,2,8,3,0,71,9.9,,,roberre01
388,Jayson Megna,2014,2015,2,48,5,5,10,-1,20,5,0,0,2,5,0,0,49,10.2,510,10:37,megnaja01
389,René Corbet,2000,2001,2,47,9,9,18,-7,57,6,3,0,1,7,1,1,94,9.6,533,11:20,corbere01
390,André Roy,2006,2007,2,47,2,1,3,-4,128,2,0,0,1,1,0,0,12,16.7,228,4:51,royan01
391,Chris Ferraro,1998,1998,1,46,3,4,7,-2,43,3,0,0,0,3,1,0,42,7.1,,,ferrach01
392,Adam Hall,2008,2008,1,46,2,4,6,-2,24,2,0,0,0,3,1,0,39,5.1,546,11:52,hallad01
393,Rick MacLeish,1982,1983,2,46,13,17,30,-12,30,9,2,2,1,11,6,0,109,11.9,,,macleri01
394,Luc Robitaille*,1995,1995,1,46,23,19,42,10,37,18,5,0,3,16,3,0,109,21.1,,,robitlu01
395,Colton Sceviour,2021,2021,1,46,5,5,10,0,2,5,0,0,0,5,0,0,53,9.4,441,9:35,scevico01
396,Nick Bjugstad,2019,2020,2,45,10,6,16,7,22,9,1,0,1,4,2,0,112,8.9,663,14:44,bjugsni01
397,Kim Clackson,1980,1980,1,45,0,3,3,-7,166,0,0,0,0,3,0,0,12,0.0,,,clackki01
398,Shane Endicott,2002,2006,2,45,1,2,3,-10,47,0,0,1,0,2,0,0,46,2.2,514,11:26,endicsh01
399,Alex Galchenyuk,2020,2020,1,45,5,12,17,-7,10,3,2,0,0,8,4,0,65,7.7,517,11:29,galchal01
400,Ed Gilbert,1976,1977,2,45,1,1,2,-4,0,1,0,0,0,0,1,0,22,4.5,,,gilbeed01
401,Mark Jankowski,2021,2021,1,45,4,7,11,4,6,4,0,0,0,7,0,0,35,11.4,482,10:43,jankoma01
402,Norm Maciver,1995,1996,2,45,2,30,32,19,38,1,1,0,0,16,12,2,50,4.0,,,macivno01
403,Alek Stojanov,1996,1997,2,45,2,4,6,2,86,2,0,0,0,4,0,0,15,13.3,,,stojaal01
404,Eric Tangradi,2010,2013,4,45,1,4,5,-6,26,1,0,0,0,4,0,0,45,2.2,439,9:45,tangrer01
405,Roger Belanger,1985,1985,1,44,3,5,8,-13,32,3,0,0,0,3,2,0,65,4.6,,,belanro01
406,Tim Horton*,1972,1972,1,44,2,9,11,5,40,2,0,0,1,6,3,0,84,2.4,,,hortoti01
407,Dick Mattiussi,1968,1969,2,44,0,4,4,-11,32,0,0,0,0,3,1,0,44,0.0,,,mattidi01
408,Tanner Pearson,2019,2019,1,44,9,5,14,-6,13,8,1,0,0,4,1,0,81,11.1,582,13:13,pearsta01
409,Martin Štrbák,2004,2004,1,44,3,11,14,-11,38,3,0,0,0,7,4,0,47,6.4,858,19:31,strbama01
410,Joe McDonnell,1985,1986,2,43,2,9,11,-22,22,0,2,0,0,3,5,1,76,2.6,,,mcdonjo01
411,Kevin Porter,2016,2017,2,43,0,3,3,-3,0,0,0,0,0,3,0,0,34,0.0,487,11:19,porteke01
412,Scott Young,1991,1991,1,43,11,16,27,3,33,7,3,1,3,9,6,1,116,9.5,,,youngsc01
413,Ab DeMarco,1974,1975,2,42,9,13,22,1,8,5,4,0,1,7,6,0,126,7.1,,,demarab02
414,Matt Hunwick,2018,2018,1,42,4,6,10,-4,21,3,0,1,1,6,0,0,52,7.7,735,17:31,hunwima01
415,Jim McGeough,1985,1987,3,42,4,10,14,-13,20,4,0,0,1,10,0,0,87,4.6,,,mcgeoji01
416,Ziggy Pálffy,2006,2006,1,42,11,31,42,5,12,9,2,0,2,22,9,0,112,9.8,812,19:19,palffzi01
417,Daniel Sprong,2016,2019,3,42,4,5,9,-6,0,4,0,0,1,4,1,0,61,6.6,406,9:40,spronda01
418,Robin Burns,1971,1973,3,41,0,5,5,-9,32,0,0,0,0,5,0,0,40,0.0,,,burnsro01
419,Brian Gibbons,2014,2014,1,41,5,12,17,5,6,4,1,0,0,11,0,1,29,17.2,490,11:57,gibbobr02
420,Andrew McBain,1990,1990,1,41,5,9,14,-8,51,4,1,0,0,9,0,0,56,8.9,,,mcbaian01
421,Ron Meighan,1983,1983,1,41,2,6,8,-10,16,1,1,0,0,6,0,0,48,4.2,,,meighro01
422,Mike Hudson,1995,1995,1,40,2,9,11,-1,34,2,0,0,1,9,0,0,33,6.1,,,hudsomi01
423,John Stewart,1971,1972,2,40,4,9,13,-15,32,3,1,0,0,7,2,0,58,6.9,,,stewajo01
424,Simon Nolet,1976,1976,1,39,9,8,17,7,2,8,1,0,1,7,1,0,74,12.2,,,noletsi01
425,Chris Thorburn,2007,2007,1,39,3,2,5,1,69,3,0,0,1,2,0,0,40,7.5,308,7:54,thorbch01
426,Eric Boguniecki,2006,2006,1,38,5,6,11,-2,29,4,1,0,0,5,1,0,36,13.9,412,10:50,boguner01
427,Tony Feltrin,1981,1983,3,38,3,3,6,-17,44,3,0,0,0,3,0,0,39,7.7,,,feltrto01
428,Lasse Pirjetä,2004,2006,2,38,10,9,19,7,18,9,1,0,1,5,4,0,63,15.9,418,11:00,pirjela01
429,Michal Sivek,2003,2003,1,38,3,3,6,-5,14,2,1,0,0,2,1,0,45,6.7,497,13:05,sivekmi01
430,Greg Johnson,1997,1998,2,37,8,9,17,-13,16,7,1,0,0,6,1,2,56,14.3,,,johnsgr02
431,Yvon Labre,1971,1974,2,37,2,3,5,-4,32,2,0,0,0,2,1,0,42,4.8,,,labreyv01
432,Rod Zaine,1971,1971,1,37,8,5,13,-8,21,6,2,0,0,5,0,0,34,23.5,,,zainero01
433,Greg Brown,1994,1994,1,36,3,8,11,1,28,2,1,0,0,8,0,0,37,8.1,,,browngr01
434,Steve Gotaas,1988,1988,1,36,5,6,11,-11,45,5,0,0,1,6,0,0,27,18.5,,,gotaast01
435,Pete Laframboise,1975,1975,1,35,5,13,18,3,8,2,3,0,0,8,4,1,33,15.2,,,lafrape01
436,Maxim Lapierre,2015,2015,1,35,0,2,2,-13,16,0,0,0,0,2,0,0,43,0.0,391,11:10,lapiema01
437,Chris Minard,2008,2009,2,35,2,3,5,-1,14,2,0,0,1,2,1,0,42,4.8,246,7:02,minarch01
438,Joe Noris,1972,1972,1,35,2,5,7,-8,20,2,0,0,0,3,1,1,48,4.2,,,norisjo01
439,Kim Davis,1978,1981,4,34,5,7,12,-10,47,5,0,0,2,6,1,0,28,17.9,,,daviski01
440,Nils Ekman,2007,2007,1,34,6,9,15,-14,24,4,2,0,0,5,4,0,69,8.7,469,13:49,ekmanni01
441,Taylor Pyatt,2014,2014,1,34,4,0,4,-15,10,3,1,0,1,0,0,0,30,13.3,370,10:53,pyattta01
442,Blaine Stoughton,1974,1974,1,34,5,6,11,-12,8,5,0,0,0,6,0,0,52,9.6,,,stougbl01
443,Errol Thompson,1981,1981,1,34,6,8,14,-7,12,6,0,0,1,6,2,0,54,11.1,,,thomper01
444,Sven Butenschön,1998,2001,4,33,0,1,1,-4,14,0,0,0,0,1,0,0,20,0.0,362,14:28,butensv01
445,Tom Chorske,2000,2000,1,33,1,5,6,-2,2,1,0,0,0,4,0,1,14,7.1,259,7:50,chorsto01
446,Alexandre Daigle,2003,2003,1,33,4,3,7,-10,8,3,1,0,0,2,1,0,48,8.3,361,10:57,daiglal02
447,Andrew Ebbett,2014,2015,2,33,1,6,7,-3,2,1,0,0,0,6,0,0,30,3.3,316,9:34,ebbetan01
448,Perry Ganchar,1988,1989,2,33,2,5,7,-3,36,2,0,0,0,5,0,0,37,5.4,,,ganchpe01
449,Greg Hawgood,1994,1995,2,33,2,6,8,1,33,0,2,0,1,4,2,0,37,5.4,,,hawgogr01
450,Chuck Kobasew,2014,2014,1,33,2,0,2,1,15,2,0,0,2,0,0,0,37,5.4,370,11:13,kobasch01
451,Kevin LaVallee,1987,1987,1,33,8,20,28,-2,4,3,5,0,0,8,12,0,80,10.0,,,lavalke01
452,Dwight Mathiasen,1986,1988,3,33,1,7,8,-12,18,1,0,0,0,7,0,0,37,2.7,,,mathidw01
453,Martin Škoula,2010,2010,1,33,3,5,8,-4,6,2,1,0,0,5,0,0,23,13.0,552,16:43,skoulma01
454,Harvey Bennett,1975,1976,2,32,3,3,6,2,53,2,1,0,1,3,0,0,22,13.6,,,benneha02
455,Jeff Norton,2001,2001,1,32,2,10,12,8,20,1,1,0,1,10,0,0,17,11.8,592,18:30,nortoje01
456,Sergei Plotnikov,2016,2016,1,32,0,2,2,-3,20,0,0,0,0,2,0,0,32,0.0,310,9:41,plotnse01
457,Anthony Angello,2020,2022,3,31,3,2,5,3,14,2,1,0,0,2,0,0,26,11.5,224,7:13,angelan01
458,Dennis Bonvie,2000,2001,2,31,0,0,0,-3,80,0,0,0,0,0,0,0,7,0.0,101,3:15,bonvide01
459,Nelson Debenedet,1975,1975,1,31,6,3,9,-3,11,5,1,0,0,3,0,0,28,21.4,,,debenne01
460,Gilles Lupien,1981,1981,1,31,0,1,1,-15,34,0,0,0,0,1,0,0,11,0.0,,,lupiegi01
461,Ronald Petrovický,2007,2007,1,31,3,3,6,4,28,3,0,0,1,3,0,0,27,11.1,259,8:20,petroro02
462,George Swarbrick,1969,1970,2,31,1,7,8,-5,36,1,0,0,0,5,2,0,65,1.5,,,swarbge01
463,Pat Falloon,2000,2000,1,30,4,9,13,-2,10,4,0,0,0,7,2,0,41,9.8,337,11:13,fallopa01
464,Jani Rita,2006,2006,1,30,3,4,7,-6,4,3,0,0,0,4,0,0,36,8.3,303,10:06,ritaja01
465,Bobby Simpson,1982,1983,2,30,10,9,19,-4,4,10,0,0,1,9,0,0,40,25.0,,,simpsbo01
466,Bennett Wolf,1981,1983,3,30,0,1,1,-3,133,0,0,0,0,1,0,0,18,0.0,,,wolfbe01
467,Peter Ferraro,1998,1998,1,29,3,4,7,-2,12,3,0,0,0,3,1,0,34,8.8,,,ferrape01
468,John Flesch,1978,1978,1,29,7,5,12,-7,19,7,0,0,2,5,0,0,34,20.6,,,flescjo01
469,Rocky Saganiuk,1984,1984,1,29,1,3,4,-12,37,1,0,0,0,3,0,0,30,3.3,,,saganro01
470,Roman Šimíček,2001,2001,1,29,3,6,9,-5,30,2,1,0,1,2,4,0,19,15.8,275,9:28,simicro01
471,John Slaney,2000,2000,1,29,1,4,5,-10,10,0,1,0,0,3,1,0,27,3.7,354,12:13,slanejo01
472,Eric Cairns,2006,2007,2,28,1,0,1,0,92,1,0,0,0,0,0,0,8,12.5,148,5:18,cairner01
473,Oskar Sundqvist,2016,2017,2,28,1,3,4,-4,6,0,0,1,1,3,0,0,22,4.5,277,9:54,sundqos01
474,Joseph Blandisi,2019,2020,2,27,2,3,5,-3,10,2,0,0,1,3,0,0,19,10.5,207,7:41,blandjo01
475,Lee Giffin,1987,1988,2,27,1,3,4,0,9,1,0,0,0,3,0,0,16,6.3,,,giffile01
476,Shawn Heins,2003,2003,1,27,1,1,2,-2,33,1,0,0,1,1,0,0,28,3.6,518,19:11,heinssh01
477,Paul Mulvey,1982,1982,1,27,1,7,8,-6,76,1,0,0,0,6,1,0,44,2.3,,,mulvepa01
478,Lyle Odelein,2006,2006,1,27,0,1,1,-10,50,0,0,0,0,1,0,0,17,0.0,438,16:13,odelely01
479,Bob Rivard,1968,1968,1,27,5,12,17,0,4,4,1,0,1,9,2,1,62,8.1,,,rivarbo01
480,Noah Welch,2006,2007,2,27,2,4,6,1,24,2,0,0,0,2,2,0,19,10.5,385,14:17,welchno01
481,Ted Bulley,1984,1984,1,26,3,2,5,-14,12,3,0,0,1,2,0,0,28,10.7,,,bullete01
482,Tom Cassidy,1978,1978,1,26,3,4,7,-4,15,3,0,0,0,4,0,0,16,18.8,,,cassito01
483,Bruce Crowder,1985,1985,1,26,4,7,11,-9,23,4,0,0,0,6,0,1,36,11.1,,,crowdbr01
484,Erik Gudbranson,2019,2020,2,26,0,2,2,7,8,0,0,0,0,1,0,1,24,0.0,466,17:56,gudbrer01
485,Greg McKegg,2018,2018,1,26,2,2,4,-4,8,1,0,1,0,2,0,0,21,9.5,252,9:41,mckeggr01
486,Jeff Serowik,1999,1999,1,26,0,6,6,-4,16,0,0,0,0,3,3,0,26,0.0,414,15:56,serowje01
487,Jim Wiley,1973,1974,2,26,0,4,4,-3,2,0,0,0,0,4,0,0,19,0.0,,,wileyji01
488,Philippe Boucher,2009,2009,1,25,3,3,6,10,24,3,0,0,0,0,3,0,37,8.1,477,19:05,bouchph01
489,Rusty Fitzgerald,1995,1996,2,25,2,2,4,9,12,2,0,0,0,2,0,0,20,10.0,,,fitzgru01
490,Derek Grant,2019,2019,1,25,2,3,5,3,6,2,0,0,0,3,0,0,26,7.7,226,9:02,grantde01
491,Ron Jones,1974,1974,1,25,0,3,3,-14,15,0,0,0,0,1,2,0,18,0.0,,,jonesro01
492,Dwight Schofield,1987,1987,1,25,1,6,7,6,59,1,0,0,0,5,1,0,9,11.1,,,schofdw01
493,Wayne Van Dorp,1988,1988,1,25,1,3,4,2,75,1,0,0,0,3,0,0,15,6.7,,,vandowa01
494,Radim Zohorna,2021,2022,2,25,4,6,10,16,8,4,0,0,1,5,1,0,17,23.5,248,9:55,zohorra01
495,Scott Bjugstad,1989,1989,1,24,3,0,3,-12,4,3,0,0,1,0,0,0,21,14.3,,,bjugssc01
496,Greg Tebbutt,1984,1984,1,24,0,2,2,-26,31,0,0,0,0,1,1,0,38,0.0,,,tebbugr01
497,Zach Trotman,2018,2020,3,24,0,1,1,0,8,0,0,0,0,0,1,0,33,0.0,355,14:46,trotmza01
498,Tim Wallace,2009,2011,3,24,0,2,2,-1,12,0,0,0,0,2,0,0,18,0.0,192,8:00,wallati01
499,Wilf Paiement,1988,1988,1,23,2,6,8,-4,39,2,0,0,0,6,0,0,25,8.0,,,paiemwi01
500,Peter Ahola,1993,1993,1,22,0,1,1,-2,14,0,0,0,0,1,0,0,5,0.0,,,aholape01
501,Dean Defazio,1984,1984,1,22,0,2,2,-11,28,0,0,0,0,2,0,0,12,0.0,,,defazde01
502,Tuomas Grönman,1998,1998,1,22,1,2,3,3,25,0,1,0,1,0,2,0,33,3.0,,,gronmtu01
503,Kelly Pratt,1975,1975,1,22,0,6,6,1,15,0,0,0,0,5,1,0,28,0.0,,,prattke01
504,Mikael Samuelsson,2003,2003,1,22,2,0,2,-21,8,1,1,0,0,0,0,0,36,5.6,309,14:04,samuemi01
505,Ed Van Impe,1976,1977,2,22,0,8,8,2,22,0,0,0,0,8,0,0,9,0.0,,,vanimed01
506,Mike Zigomanis,2009,2009,1,22,2,4,6,-2,27,2,0,0,0,4,0,0,23,8.7,251,11:26,zigommi01
507,Mike Comrie,2011,2011,1,21,1,5,6,-4,18,1,0,0,0,3,2,0,25,4.0,248,11:49,comrimi01
508,Mikael Granlund,2023,2023,1,21,1,4,5,1,8,1,0,0,0,4,0,0,38,2.6,327,15:35,granlmi01
509,Brad Lauer,1996,1996,1,21,4,1,5,-5,6,3,1,0,1,1,0,0,29,13.8,,,lauerbr01
510,Guillaume Lefebvre,2003,2006,2,21,2,4,6,-2,9,2,0,0,0,3,1,0,17,11.8,321,15:18,lefebgu01
511,Steve Poapst,2006,2006,1,21,0,4,4,-5,10,0,0,0,0,4,0,0,4,0.0,370,17:36,poapsst01
512,Lee Stempniak,2014,2014,1,21,4,7,11,5,4,4,0,0,1,7,0,0,34,11.8,339,16:08,stemple01
513,Mike Wilson,2002,2002,1,21,1,1,2,-12,17,1,0,0,0,1,0,0,14,7.1,312,14:51,wilsomi02
514,Daniel Winnik,2015,2015,1,21,2,7,9,8,8,2,0,0,1,6,0,1,27,7.4,338,16:07,winnida01
515,Larry Bignell,1974,1974,1,20,0,3,3,-3,2,0,0,0,0,3,0,0,13,0.0,,,bignela01
516,Chris Bourque,2010,2010,1,20,0,3,3,-4,10,0,0,0,0,1,2,0,20,0.0,192,9:35,bourqch01
517,Jordan Leopold,2010,2010,1,20,4,4,8,5,6,4,0,0,2,4,0,0,26,15.4,409,20:27,leopojo01
518,Ryan VandenBussche,2006,2006,1,20,1,0,1,0,42,1,0,0,0,0,0,0,5,20.0,87,4:20,vandery01
519,Ramzi Abid,2003,2004,2,19,3,2,5,-10,29,1,2,0,1,0,2,0,42,7.1,260,13:40,abidra01
520,Greg Andrusak,1994,1999,4,19,0,5,5,1,12,0,0,0,0,2,3,0,14,0.0,124,17:42,andrugr01
521,Frédérick Gaudreau,2021,2021,1,19,2,8,10,10,2,2,0,0,0,7,0,1,20,10.0,248,13:04,gaudrfr01
522,Andy Hilbert,2006,2006,1,19,7,11,18,8,16,4,3,0,1,6,4,1,51,13.7,332,17:27,hilbean01
523,John Jakopin,2002,2002,1,19,0,4,4,2,42,0,0,0,0,4,0,0,3,0.0,157,8:16,jakopjo01
524,Stan Jonathan,1983,1983,1,19,0,3,3,-8,13,0,0,0,0,3,0,0,16,0.0,,,jonatst01
525,Richard Lintner,2003,2003,1,19,3,2,5,-9,10,2,1,0,0,1,1,0,36,8.3,361,18:59,lintnri01
526,Tom Price,1977,1979,3,19,0,2,2,-6,8,0,0,0,0,2,0,0,10,0.0,,,priceto01
527,Mark Streit,2017,2017,1,19,1,5,6,-2,6,1,0,0,1,0,5,0,26,3.8,325,17:06,streima01
528,Dan Trebil,2000,2001,2,19,1,0,1,1,7,1,0,0,0,0,0,0,19,5.3,245,12:55,trebida01
529,David Warsofsky,2016,2017,2,19,1,1,2,-9,6,0,1,0,0,1,0,0,35,2.9,323,17:01,warsoda01
530,Landon Wilson,2004,2004,1,19,5,1,6,0,31,3,2,0,0,1,0,0,35,14.3,216,11:21,wilsola02
531,Jeff Chychrun,1992,1993,2,18,0,1,1,-7,37,0,0,0,0,1,0,0,4,0.0,,,chychje01
532,Ted Nolan,1986,1986,1,18,1,1,2,-1,34,1,0,0,0,1,0,0,17,5.9,,,nolante01
533,Jim Shires,1973,1973,1,18,1,2,3,-8,2,1,0,0,0,2,0,0,22,4.5,,,shireji01
534,Andrew Agozzino,2020,2020,1,17,0,2,2,0,4,0,0,0,0,2,0,0,8,0.0,112,6:36,agozzan01
535,John Arbour,1969,1969,1,17,0,2,2,-14,35,0,0,0,0,2,0,0,19,0.0,,,arboujo01
536,Alexandre Picard,2012,2012,1,17,0,4,4,4,4,0,0,0,0,4,0,0,10,0.0,223,13:09,picaral01
537,Tom Sestito,2016,2017,2,17,0,3,3,1,67,0,0,0,0,3,0,0,4,0.0,95,5:36,sestito01
538,Mitch Wilson,1987,1987,1,17,2,1,3,-3,83,2,0,0,0,1,0,0,7,28.6,,,wilsomi01
539,Patrick Boileau,2004,2004,1,16,3,4,7,-16,8,0,3,0,0,2,2,0,41,7.3,318,19:52,boilepa01
540,Ron Hainsey,2017,2017,1,16,0,3,3,8,4,0,0,0,0,2,0,1,9,0.0,336,21:00,hainsro01
541,Matt Hussey,2004,2006,2,16,2,2,4,-6,0,0,2,0,0,2,0,0,25,8.0,174,10:54,hussema01
542,Alexei Ponikarovsky,2010,2010,1,16,2,7,9,-6,17,1,1,0,0,4,3,0,37,5.4,241,15:05,ponikal01
543,Bill Thomas,2009,2009,1,16,2,1,3,-4,2,1,0,1,0,1,0,0,17,11.8,152,9:31,thomabi01
544,Paul Bissonnette,2009,2009,1,15,0,1,1,-1,22,0,0,0,0,1,0,0,4,0.0,53,3:31,bissopa01
545,Jeff Christian,1995,1997,3,15,2,2,4,-3,15,2,0,0,0,2,0,0,20,10.0,,,chrisje01
546,Wayne Hicks,1968,1968,1,15,4,7,11,2,2,2,2,0,1,6,1,0,26,15.4,,,hickswa01
547,Brenden Morrow,2013,2013,1,15,6,8,14,5,19,5,1,0,1,7,1,0,24,25.0,221,14:44,morrobr01
548,Niklas Nordgren,2006,2006,1,15,0,0,0,-4,4,0,0,0,0,0,0,0,6,0.0,90,5:59,nordgni01
549,Jon Sim,2004,2004,1,15,2,3,5,-4,6,2,0,0,1,2,1,0,27,7.4,205,13:39,simjo01
550,Bobby Farnham,2015,2016,2,14,0,0,0,0,29,0,0,0,0,0,0,0,8,0.0,99,7:04,farnhbo01
551,Connor James,2008,2009,2,14,1,0,1,-2,2,0,1,0,0,0,0,0,9,11.1,105,7:29,jamesco01
552,Arto Javanainen,1985,1985,1,14,4,1,5,2,2,4,0,0,0,1,0,0,20,20.0,,,javanar01
553,Douglas Murray,2013,2013,1,14,1,2,3,-1,9,1,0,0,0,2,0,0,14,7.1,259,18:30,murrado01
554,Tom Thornbury,1984,1984,1,14,1,8,9,-19,16,1,0,0,0,2,6,0,44,2.3,,,thornto01
555,Jeff Toms,2002,2002,1,14,2,1,3,-5,4,2,0,0,0,0,1,0,22,9.1,172,12:19,tomsje01
556,Wally Weir,1985,1985,1,14,0,3,3,0,34,0,0,0,0,3,0,0,8,0.0,,,weirwa01
557,Shawn Antoski,1997,1997,1,13,0,0,0,0,49,0,0,0,0,0,0,0,3,0.0,,,antossh01
558,Rick Berry,2002,2002,1,13,0,2,2,-4,21,0,0,0,0,2,0,0,20,0.0,256,19:39,berryri01
559,Bob Gladney,1984,1984,1,13,1,5,6,-1,2,1,0,0,0,4,1,0,15,6.7,,,gladnbo01
560,Jarome Iginla*,2013,2013,1,13,5,6,11,2,9,1,4,0,1,4,2,0,34,14.7,230,17:40,iginlja01
561,Adam Johnson,2019,2020,2,13,1,3,4,1,2,1,0,0,0,3,0,0,8,12.5,79,6:03,johnsad01
562,Steve MacIntyre,2012,2013,2,13,0,0,0,0,18,0,0,0,0,0,0,0,0,,43,3:17,macinst01
563,Kevin Miller,1996,1996,1,13,6,5,11,4,4,5,1,0,0,4,1,0,33,18.2,,,milleke02
564,Troy Murray,1995,1995,1,13,0,2,2,-1,23,0,0,0,0,2,0,0,7,0.0,,,murratr01
565,Hank Nowak,1974,1974,1,13,0,0,0,-14,11,0,0,0,0,0,0,0,26,0.0,,,nowakha01
566,Derek Sanderson,1978,1978,1,13,3,1,4,-6,0,2,1,0,0,1,0,0,11,27.3,,,sandede01
567,Nathan Smith,2008,2008,1,13,0,0,0,0,2,0,0,0,0,0,0,0,3,0.0,100,7:41,smithna02
568,Harry Zolnierczyk,2014,2014,1,13,2,0,2,0,12,2,0,0,0,0,0,0,12,16.7,132,10:08,zolniha01
569,Bryan Fogarty,1993,1993,1,12,0,4,4,-3,4,0,0,0,0,2,2,0,11,0.0,,,fogarbr01
570,Cameron Gaunce,2017,2017,1,12,1,3,4,1,13,1,0,0,0,3,0,0,8,12.5,150,12:31,gauncca01
571,Bill Hicke,1972,1972,1,12,2,0,2,-6,6,1,1,0,0,0,0,0,19,10.5,,,hickebi01
572,Marián Hossa*,2008,2008,1,12,3,7,10,0,6,3,0,0,0,4,3,0,35,8.6,223,18:34,hossama01
573,Mathias Johansson,2003,2003,1,12,1,5,6,1,4,0,1,0,0,5,0,0,16,6.3,205,17:04,johanma02
574,Doug Lecuyer,1983,1983,1,12,1,4,5,-2,12,1,0,0,1,4,0,0,8,12.5,,,lecuydo01
575,Mike McMahon,1970,1970,1,12,1,3,4,2,19,0,1,0,0,2,1,0,12,8.3,,,mcmahmi02
576,Brian Strait,2011,2012,2,12,0,1,1,-3,4,0,0,0,0,1,0,0,4,0.0,157,13:03,straibr01
577,Brad Aitken,1988,1991,2,11,1,2,3,-1,25,1,0,0,0,2,0,0,7,14.3,,,aitkebr01
578,Bryan Erickson,1988,1988,1,11,1,4,5,2,0,1,0,0,0,4,0,0,13,7.7,,,erickbr01
579,Corey Foster,1996,1996,1,11,2,2,4,-2,2,1,1,0,0,1,1,0,8,25.0,,,fosteco01
580,Viktors Ignatjevs,1999,1999,1,11,0,1,1,-3,6,0,0,0,0,0,1,0,15,0.0,135,12:14,ignatvi01
581,Steven Oleksy,2017,2017,1,11,0,1,1,2,24,0,0,0,0,1,0,0,11,0.0,151,13:42,oleksst01
582,Mike Rowe,1985,1987,3,11,0,0,0,-10,11,0,0,0,0,0,0,0,12,0.0,,,rowemi01
583,Mark Arcobello,2015,2015,1,10,0,2,2,1,2,0,0,0,0,2,0,0,13,0.0,121,12:05,arcobma01
584,Scott Harrington,2015,2015,1,10,0,0,0,-10,4,0,0,0,0,0,0,0,9,0.0,158,15:48,harrisc01
585,Nick Johnson,2010,2011,2,10,2,3,5,-1,7,2,0,0,0,3,0,0,17,11.8,128,12:45,johnsni01
586,Rob Klinkhammer,2015,2015,1,10,1,2,3,0,0,1,0,0,0,2,0,0,10,10.0,111,11:08,klinkro01
587,Doug Smith,1990,1990,1,10,1,1,2,-2,25,1,0,0,0,1,0,0,11,9.1,,,smithdo03
588,Luca Caputi,2009,2010,2,9,2,1,3,-2,6,2,0,0,0,1,0,0,11,18.2,98,10:56,caputlu01
589,Adam Clendening,2016,2016,1,9,0,1,1,3,10,0,0,0,0,1,0,0,11,0.0,118,13:08,clendad01
590,Jean-Sébastien Dea,2017,2019,3,9,2,0,2,2,6,2,0,0,1,0,0,0,4,50.0,60,6:39,deaje01
591,Josh Jooris,2018,2018,1,9,0,0,0,0,0,0,0,0,0,0,0,0,8,0.0,65,7:12,joorijo01
592,Ladislav Karabin,1994,1994,1,9,0,0,0,0,2,0,0,0,0,0,0,0,3,0.0,,,karabla01
593,Petr Klíma,1997,1997,1,9,1,3,4,-4,4,1,0,0,0,0,3,0,21,4.8,,,klimape01
594,Jimmy Mann,1988,1988,1,9,0,0,0,0,53,0,0,0,0,0,0,0,1,0.0,,,mannji01
595,Pat Neaton,1994,1994,1,9,1,1,2,3,12,0,1,0,0,1,0,0,11,9.1,,,neatopa01
596,Alexander Nylander,2023,2023,1,9,1,1,2,1,6,1,0,0,0,1,0,0,11,9.1,111,12:18,nylanal01
597,Ty Smith,2023,2023,1,9,1,3,4,3,4,1,0,0,0,0,3,0,27,3.7,182,20:12,smithty01
598,Rich Sutter,1983,1984,2,9,0,0,0,-4,0,0,0,0,0,0,0,0,5,0.0,,,sutteri01
599,Garry Swain,1969,1969,1,9,1,1,2,-1,0,1,0,0,0,1,0,0,17,5.9,,,swainga01
600,Peter Allen,1996,1996,1,8,0,0,0,2,8,0,0,0,0,0,0,0,2,0.0,,,allenpe01
601,Doug Barrie,1969,1969,1,8,1,1,2,0,8,1,0,0,0,1,0,0,10,10.0,,,barrido01
602,Matt D'Agostini,2014,2014,1,8,0,1,1,-1,4,0,0,0,0,1,0,0,11,0.0,91,11:20,dagosma01
603,Patrick Lebeau,1999,1999,1,8,1,0,1,-2,2,1,0,0,0,0,0,0,4,25.0,76,9:32,lebeapa01
604,Darren Lowe,1984,1984,1,8,1,2,3,-5,0,1,0,0,0,2,0,0,14,7.1,,,loweda01
605,Patrick Marleau,2020,2020,1,8,1,1,2,0,2,1,0,0,0,1,0,0,16,6.3,123,15:25,marlepa01
606,Ryan Stone,2008,2009,2,8,0,1,1,0,7,0,0,0,0,1,0,0,8,0.0,59,7:24,stonery01
607,Tim Tookey,1984,1984,1,8,0,2,2,-2,2,0,0,0,0,2,0,0,7,0.0,,,tooketi01
608,Jason Williams,2012,2012,1,8,1,1,2,1,4,1,0,0,0,0,1,0,4,25.0,85,10:34,willija01
609,Stefan Bergkvist,1996,1997,2,7,0,0,0,-1,9,0,0,0,0,0,0,0,4,0.0,,,bergkst01
610,Joël Bouchard,2003,2003,1,7,0,1,1,-6,0,0,0,0,0,0,1,0,6,0.0,153,21:49,bouchjo01
611,Zach Boychuk,2013,2013,1,7,0,0,0,-2,2,0,0,0,0,0,0,0,6,0.0,81,11:37,boychza01
612,Taylor Chorney,2015,2015,1,7,0,0,0,-1,0,0,0,0,0,0,0,0,4,0.0,85,12:10,chornta01
613,Frank Corrado,2017,2018,2,7,0,0,0,-2,4,0,0,0,0,0,0,0,7,0.0,73,10:22,corrafr01
614,Larry DePalma,1994,1994,1,7,1,0,1,1,5,1,0,0,0,0,0,0,2,50.0,,,depalla01
615,František Kučera,2001,2001,1,7,0,2,2,-2,0,0,0,0,0,2,0,0,9,0.0,115,16:28,kucerfr01
616,Hartland Monahan,1978,1978,1,7,2,0,2,-7,2,1,1,0,0,0,0,0,13,15.4,,,monahha01
617,Roman Oksiuta,1997,1997,1,7,0,0,0,-4,4,0,0,0,0,0,0,0,10,0.0,,,oksiuro01
618,Janne Pesonen,2009,2009,1,7,0,0,0,-3,0,0,0,0,0,0,0,0,3,0.0,52,7:27,pesonja01
619,Sean Pronger,1998,1999,2,7,1,0,1,-1,2,1,0,0,1,0,0,0,8,12.5,18,8:48,prongse01
620,Ron Snell,1969,1970,2,7,3,2,5,2,6,1,2,0,1,2,0,0,12,25.0,,,snellro01
621,Brett Sterling,2011,2011,1,7,3,2,5,1,16,2,1,0,0,1,1,0,14,21.4,106,15:07,sterlbr01
622,Kasper Björkqvist,2022,2022,1,6,1,0,1,-1,2,1,0,0,0,0,0,0,8,12.5,50,8:22,bjorkka01
623,Dave Capuano,1990,1990,1,6,0,0,0,0,2,0,0,0,0,0,0,0,1,0.0,,,capuada01
624,Ryan Craig,2011,2011,1,6,0,0,0,-3,22,0,0,0,0,0,0,0,7,0.0,59,9:49,craigry01
625,Cory Cross,2006,2006,1,6,0,1,1,-1,6,0,0,0,0,1,0,0,1,0.0,79,13:13,crossco01
626,Scott Gruhl,1988,1988,1,6,1,0,1,0,0,1,0,0,0,0,0,0,7,14.3,,,gruhlsc01
627,Dmitry Kulikov,2023,2023,1,6,0,1,1,-2,4,0,0,0,0,1,0,0,4,0.0,72,12:00,kulikdm01
628,Petteri Lehto,1985,1985,1,6,0,0,0,-4,4,0,0,0,0,0,0,0,5,0.0,,,lehtope01
629,Brian McKenzie,1972,1972,1,6,1,1,2,-2,4,1,0,0,0,0,1,0,8,12.5,,,mckenbr01
630,Stefan Noesen,2020,2020,1,6,1,0,1,0,0,1,0,0,0,0,0,0,8,12.5,59,9:51,noesest01
631,Cal O'Reilly,2012,2012,1,6,0,1,1,-4,0,0,0,0,0,0,1,0,3,0.0,73,12:11,oreilca01
632,Ian Turnbull,1983,1983,1,6,0,0,0,-3,4,0,0,0,0,0,0,0,6,0.0,,,turnbia01
633,Nolan Baumgartner,2004,2004,1,5,0,0,0,-7,2,0,0,0,0,0,0,0,6,0.0,97,19:20,baumgno01
634,Brian Bonin,1999,1999,1,5,0,0,0,-2,0,0,0,0,0,0,0,0,2,0.0,62,12:19,boninbr01
635,Jonathan Filewich,2008,2008,1,5,0,0,0,-2,0,0,0,0,0,0,0,0,3,0.0,43,8:42,filewjo01
636,Andrew Hutchinson,2011,2011,1,5,0,1,1,-3,6,0,0,0,0,1,0,0,2,0.0,77,15:18,hutchan01
637,Ted Lanyon,1968,1968,1,5,0,0,0,1,4,0,0,0,0,0,0,0,1,0.0,,,lanyote01
638,Colin McDonald,2012,2012,1,5,0,0,0,0,0,0,0,0,0,0,0,0,6,0.0,42,8:28,mcdonco01
639,Philip Samuelsson,2014,2014,1,5,0,0,0,-1,0,0,0,0,0,0,0,0,5,0.0,78,15:34,samueph01
640,Vladimír Vůjtek,2003,2003,1,5,0,1,1,-4,0,0,0,0,0,0,1,0,3,0.0,38,7:34,vujtevl01
641,Steve Webb,2004,2004,1,5,0,0,0,-3,2,0,0,0,0,0,0,0,3,0.0,27,5:20,webbst01
642,Drake Caggiula,2023,2023,1,4,0,0,0,-1,0,0,0,0,0,0,0,0,2,0.0,26,6:36,caggidr01
643,Justin Duberman,1994,1994,1,4,0,0,0,0,0,0,0,0,0,0,0,0,2,0.0,,,duberju01
644,Taylor Fedun,2023,2023,1,4,0,0,0,0,0,0,0,0,0,0,0,0,5,0.0,44,11:04,fedunta01
645,Bill Lecaine,1969,1969,1,4,0,0,0,0,0,0,0,0,0,0,0,0,1,0.0,,,lecaibi01
646,Mike Meeker,1979,1979,1,4,0,0,0,-1,5,0,0,0,0,0,0,0,2,0.0,,,meekemi01
647,Pavel Skrbek,1999,1999,1,4,0,0,0,2,2,0,0,0,0,0,0,0,1,0.0,57,14:21,skrbepa01
648,Neil Belland,1987,1987,1,3,0,1,1,0,0,0,0,0,0,1,0,0,4,0.0,,,bellane01
649,Yves Bergeron,1975,1977,2,3,0,0,0,-3,0,0,0,0,0,0,0,0,2,0.0,,,bergeyv01
650,Micki DuPont,2007,2007,1,3,0,1,1,-3,4,0,0,0,0,0,1,0,6,0.0,41,13:48,duponmi01
651,Jonathan Gruden,2023,2023,1,3,0,0,0,0,0,0,0,0,0,0,0,0,0,,16,5:20,grudejo02
652,Filip Hallander,2022,2023,2,3,0,0,0,0,0,0,0,0,0,0,0,0,0,,26,8:36,hallafi01
653,Ross Lupaschuk,2003,2003,1,3,0,0,0,-3,4,0,0,0,0,0,0,0,3,0.0,49,16:20,lupasro01
654,Steve Lyon,1977,1977,1,3,0,0,0,0,2,0,0,0,0,0,0,0,2,0.0,,,lyonst01
655,Carl Mokosak,1987,1987,1,3,0,0,0,-4,4,0,0,0,0,0,0,0,3,0.0,,,mokosca01
656,Samuel Poulin,2023,2023,1,3,0,1,1,-3,2,0,0,0,0,0,1,0,2,0.0,30,9:58,poulisa01
657,Dylan Reese,2013,2013,1,3,0,0,0,0,0,0,0,0,0,0,0,0,1,0.0,46,15:16,reesedy01
658,Grant Sasser,1984,1984,1,3,0,0,0,-2,0,0,0,0,0,0,0,0,2,0.0,,,sassegr01
659,Ryan Savoia,1999,1999,1,3,0,0,0,-1,0,0,0,0,0,0,0,0,0,,7,2:27,savoiry01
660,Karl Stewart,2007,2007,1,3,0,0,0,-1,2,0,0,0,0,0,0,0,0,,10,3:23,stewaka01
661,Bob Stumpf,1975,1975,1,3,0,0,0,-4,4,0,0,0,0,0,0,0,1,0.0,,,stumpbo01
662,Kevin Czuczman,2021,2021,1,2,0,0,0,-3,0,0,0,0,0,0,0,0,2,0.0,23,11:39,czuczke01
663,Thomas Di Pauli,2020,2020,1,2,0,0,0,-3,10,0,0,0,0,0,0,0,2,0.0,12,5:59,dipauth01
664,Dave Goertz,1988,1988,1,2,0,0,0,-1,2,0,0,0,0,0,0,0,2,0.0,,,goertda01
665,Nate Guenin,2010,2010,1,2,0,0,0,-2,0,0,0,0,0,0,0,0,1,0.0,27,13:32,guenina01
666,Lex Hudson,1979,1979,1,2,0,0,0,0,0,0,0,0,0,0,0,0,1,0.0,,,hudsole01
667,Adam Payerl,2014,2014,1,2,0,0,0,-1,2,0,0,0,0,0,0,0,4,0.0,18,9:09,payerad01
668,Mel Pearson,1968,1968,1,2,0,1,1,-1,0,0,0,0,0,1,0,0,2,0.0,,,pearsme01
669,Reid Simpson,2004,2004,1,2,0,0,0,0,17,0,0,0,0,0,0,0,2,0.0,10,4:46,simpsre01
670,Dominik Uher,2015,2015,1,2,0,0,0,-1,0,0,0,0,0,0,0,0,0,,13,6:28,uherdo01
671,Yannick Weber,2021,2021,1,2,0,0,0,-3,0,0,0,0,0,0,0,0,1,0.0,23,11:19,weberya01
672,Harry York,1999,1999,1,2,0,0,0,0,0,0,0,0,0,0,0,0,0,,6,3:00,yorkha01
673,Tim Brent,2008,2008,1,1,0,0,0,-1,0,0,0,0,0,0,0,0,0,,5,4:34,brentti01
674,Greg Crozier,2001,2001,1,1,0,0,0,0,0,0,0,0,0,0,0,0,0,,4,4:10,crozigr01
675,Josh Currie,2021,2021,1,1,0,0,0,0,0,0,0,0,0,0,0,0,0,,7,7:24,currijo01
676,Nick Drazenovic,2014,2014,1,1,0,0,0,-1,2,0,0,0,0,0,0,0,3,0.0,10,10:18,drazeni01
677,Rob Garner,1983,1983,1,1,0,0,0,0,0,0,0,0,0,0,0,0,1,0.0,,,garnero01
678,Bob Geale,1985,1985,1,1,0,0,0,-1,2,0,0,0,0,0,0,0,1,0.0,,,gealebo01
679,Joel Kwiatkowski,2007,2007,1,1,0,0,0,-1,0,0,0,0,0,0,0,0,0,,12,11:59,kwiatjo01
680,Alain Lemieux,1987,1987,1,1,0,0,0,-1,0,0,0,0,0,0,0,0,0,,,,lemieal01
681,Pierre-Luc Letourneau-Leblond,2014,2014,1,1,0,0,0,0,0,0,0,0,0,0,0,0,1,0.0,5,4:34,letoupi01
682,Brian Lundberg,1983,1983,1,1,0,0,0,-1,2,0,0,0,0,0,0,0,0,,,,lundbbr01
683,Pat Mayer,1988,1988,1,1,0,0,0,0,4,0,0,0,0,0,0,0,0,,,,mayerpa01
684,Kael Mouillierat,2016,2016,1,1,0,0,0,0,2,0,0,0,0,0,0,0,1,0.0,11,10:41,mouilka01
685,Glenn Mulvenna,1992,1992,1,1,0,0,0,-1,2,0,0,0,0,0,0,0,0,,,,mulvegl01
686,Todd Nelson,1992,1992,1,1,0,0,0,0,0,0,0,0,0,0,0,0,0,,,,nelsoto01
687,Domenic Pittis,1997,1997,1,1,0,0,0,-1,0,0,0,0,0,0,0,0,0,,,,pittido01
688,Corey Potter,2011,2011,1,1,0,0,0,0,0,0,0,0,0,0,0,0,1,0.0,17,16:43,potteco01
689,Valtteri Puustinen,2022,2022,1,1,0,1,1,2,0,0,0,0,0,1,0,0,1,0.0,10,10:14,puustva01
690,Trevor Smith,2013,2013,1,1,0,0,0,0,0,0,0,0,0,0,0,0,0,,10,10:24,smithtr01
691,Carl Sneep,2012,2012,1,1,0,1,1,1,0,0,0,0,0,1,0,0,0,,16,16:19,sneepca01


Provided by <a href="https://www.sports-reference.com/sharing.html?utm_source=direct&utm_medium=Share&utm_campaign=ShareTool">Hockey-Reference.com</a>: <a href="https://www.hockey-reference.com/teams/PIT/skaters.html?sr&utm_source=direct&utm_medium=Share&utm_campaign=ShareTool#stats">View Original Table</a><br>Generated 8/24/2023.